Workbook

Sheet Inputs (2)
B1: Work Order | C1: Product | D1: LL | E1: Category | F1: Qtr | G1: Qty | H1: Completed | I1: Pending | J1: Feb 2nd Week | K1: Feb 3rd Week | L1: Feb 4th Week | M1: Mar 1st Week | N1: Mar 2nd Week | O1: Mar 3rd Weeek | P1: Mar 4th Week | Q1: Stock (WH) | R1: Stock (At OEM) | S1: Confirmed Prod'n | T1: Apr 1st week | U1: Remarks
A2: 1 | B2: BN-SO-2526-0005 | C2: Solaria 4B | E2: Burner | F2: JAS | I2: 0 | Q2: 0 | R2: 0 | S2: =SUM(J2:P2) -> 0
A3: 2 | B3: BN-SO-2526-0002 | C3: Zyra 4 Burner | E3: Burner | F3: JAS | G3: 290 | H3: 260 | I3: =G3-H3 -> 30 | J3: 25 | Q3: 115 | R3: 0 | S3: =SUM(J3:P3) -> 25 | U3: 5 to be shortclosed
A4: 3 | B4: BN-SO-2526-0049 | C4: Solaria 3B | E4: Burner | F4: OND | G4: 350 | H4: =98+85 -> 183 | I4: =G4-H4 -> 167 | J4: 100 | K4: 67 | Q4: 0 | R4: 0 | S4: =SUM(J4:P4) -> 167
A5: 4 | B5: BN-SO-2526-0026 | C5: Arista 60 | D5: 60 | E5: Chimney | F5: OND | G5: 0 | H5: 0 | I5: =G5-H5 -> 0 | P5: 200 | Q5: 0 | R5: 0 | S5: =SUM(J5:P5) -> 200
A6: 5 | B6: BN-SO-2526-0026 | C6: Arista 90 | D6: 60 | E6: Chimney | F6: OND | G6: 0 | H6: 0 | I6: =G6-H6 -> 0 | P6: 200 | Q6: 0 | R6: 0 | S6: =SUM(J6:P6) -> 200
A7: 6 | B7: BN-SO-2526-0023 | C7: Asteria 60 | D7: 60 | E7: Chimney | F7: OND | G7: 600 | H7: 600 | I7: =G7-H7 -> 0 | Q7: 0 | R7: 0 | S7: =SUM(J7:P7) -> 0
A8: 7 | B8: BN-SO-2526-0023 | C8: Asteria 90 | D8: 60 | E8: Chimney | F8: OND | G8: 550 | H8: 550 | I8: =G8-H8 -> 0 | Q8: 0 | R8: 0 | S8: =SUM(J8:P8) -> 0
A9: 8 | B9: BN-SO-2526-0028 | C9: Cube | D9: 75 | E9: Chimney | F9: OND | G9: 4000 | H9: 4000 | I9: =G9-H9 -> 0 | Q9: 0 | R9: 0 | S9: =SUM(J9:P9) -> 0
A10: 9 | B10: BN-SO-2526-0024 | C10: Elara 60 | D10: 60 | E10: Chimney | F10: OND | G10: 0 | H10: 0 | I10: =G10-H10 -> 0 | P10: 0 | Q10: 0 | R10: 0 | S10: =SUM(J10:P10) -> 0 | T10: 250
A11: 10 | B11: BN-SO-2526-0024 | C11: Elara 90 | D11: 60 | E11: Chimney | F11: OND | G11: 0 | H11: 0 | I11: =G11-H11 -> 0 | P11: 0 | Q11: 0 | R11: 0 | S11: =SUM(J11:P11) -> 0 | T11: 250
A12: 11 | B12: BN-SO-2526-0025 | C12: Eris 60 | D12: 60 | E12: Chimney | F12: OND | G12: 0 | H12: 0 | I12: =G12-H12 -> 0 | Q12: 0 | R12: 0 | S12: =SUM(J12:P12) -> 0
A13: 12 | B13: BN-SO-2526-0025 | C13: Eris 90 | D13: 60 | E13: Chimney | F13: OND | G13: 0 | H13: 0 | I13: =G13-H13 -> 0 | Q13: 0 | R13: 0 | S13: =SUM(J13:P13) -> 0
A14: 13 | B14: BN-SO-2526-0022 | C14: Orion | D14: 70 | E14: Chimney | F14: OND | G14: 324 | H14: 324 | I14: =G14-H14 -> 0 | Q14: 0 | R14: 0 | S14: =SUM(J14:P14) -> 0
A15: 14 | B15: BN-SO-2526-0019 | C15: Dorado 3B | D15: 65 | E15: Burner | F15: OND | G15: 800 | H15: 800 | I15: =G15-H15 -> 0 | Q15: 0 | R15: 0 | S15: =SUM(J15:P15) -> 0
A16: 15 | B16: BN-SO-2526-0019 | C16: Dorado 4B | D16: 65 | E16: Burner | F16: OND | G16: 1600 | H16: 1600 | I16: =G16-H16 -> 0 | Q16: 0 | R16: 0 | S16: =SUM(J16:P16) -> 0
A17: 16 | B17: BN-SO-2526-0020 | C17: Altair 4B | D17: 70 | E17: Burner | F17: OND | G17: 1255 | H17: =977+3+6+48+23+52+62+48+15+18+3 -> 1255 | I17: =G17-H17 -> 0 | J17: 0 | Q17: 0 | R17: 0 | S17: =SUM(J17:P17) -> 0
A18: 17 | B18: BN-SO-2526-0042 | C18: Asteria 60 BLDC | E18: Chimney | F18: OND | G18: 50 | H18: 36 | I18: =G18-H18 -> 14 | J18: 14 | Q18: 0 | R18: 0 | S18: =SUM(J18:P18) -> 14
A19: 18 | B19: BN-SO-2526-0042 | C19: Asteria 90 BLDC | E19: Chimney | F19: OND | G19: 50 | H19: 40 | I19: =G19-H19 -> 10 | J19: 10 | Q19: 0 | R19: 0 | S19: =SUM(J19:P19) -> 10
A20: 19 | B20: BN-SO-2526-0050 | C20: Solaria 4B | E20: Burner | F20: OND | G20: 550 | H20: =185+57 -> 242 | I20: =G20-H20 -> 308 | J20: 200 | K20: 108 | Q20: 0 | R20: 0 | S20: =SUM(J20:P20) -> 308
A21: 20 | B21: BN-SO-2526-0040 | C21: Solaria 3B | E21: Burner | F21: January | G21: 275 | H21: 0 | I21: =G21-H21 -> 275 | M21: 275 | Q21: 0 | R21: 0 | S21: =SUM(J21:P21) -> 275
A22: 21 | B22: BN-SO-2526-0039 | C22: Auriga 4B | E22: Burner | F22: January | G22: 800 | H22: 0 | I22: =G22-H22 -> 800 | J22: 100 | K22: 400 | L22: 300 | Q22: 0 | R22: 0 | S22: =SUM(J22:P22) -> 800
A23: 22 | B23: BN-SO-2526-0041 | C23: Solaria 4B | E23: Burner | F23: January | G23: 400 | H23: 0 | I23: =G23-H23 -> 400 | M23: 400 | Q23: 0 | R23: 0 | S23: =SUM(J23:P23) -> 400
A24: 23 | B24: BN-SO-2526-0029 | C24: Asteria 60 | E24: Chimney | F24: January | G24: 200 | H24: =135+65 -> 200 | I24: =G24-H24 -> 0 | Q24: 0 | R24: 0 | S24: =SUM(J24:P24) -> 0
A25: 24 | B25: BN-SO-2526-0030 | C25: Asteria 90 | E25: Chimney | F25: January | G25: 0 | H25: 0 | I25: =G25-H25 -> 0 | Q25: 0 | R25: 0 | S25: =SUM(J25:P25) -> 0
A26: 25 | B26: BN-SO-2526-0034 | C26: Cube | E26: Chimney | F26: January | G26: 3000 | H26: 0 | I26: =G26-H26 -> 3000 | J26: 500 | K26: 1500 | L26: 1000 | Q26: 0 | R26: 0 | S26: =SUM(J26:P26) -> 3000
A27: 26 | B27: BN-SO-2526-0032 | C27: Eris 60 | E27: Chimney | F27: January | G27: 0 | H27: 0 | I27: =G27-H27 -> 0 | M27: 0 | Q27: 0 | R27: 0 | S27: =SUM(J27:P27) -> 0
A28: 27 | B28: BN-SO-2526-0033 | C28: Eris 90 | E28: Chimney | F28: January | G28: 0 | H28: 0 | I28: =G28-H28 -> 0 | M28: 0 | Q28: 0 | R28: 0 | S28: =SUM(J28:P28) -> 0
A29: 28 | B29: BN-SO-2526-0031 | C29: Orion | E29: Chimney | F29: January | G29: 324 | H29: =54+40+35+35+40+32+40+12+34 -> 322 | I29: =G29-H29 -> 2 | Q29: =4+20+96 -> 120 | R29: 50 | S29: =SUM(J29:P29) -> 0
A30: 29 | B30: BN-SO-2526-0036 | C30: Dorado 3B | E30: Burner | F30: January | G30: 300 | H30: =243 -> 243 | I30: =G30-H30 -> 57 | K30: 57 | Q30: 0 | R30: 0 | S30: =SUM(J30:P30) -> 57
A31: 30 | B31: BN-SO-2526-0037 | C31: Dorado 4B | E31: Burner | F31: January | G31: 700 | H31: 487 | I31: =G31-H31 -> 213 | K31: 213 | Q31: 0 | R31: 0 | S31: =SUM(J31:P31) -> 213
A32: 31 | B32: BN-SO-2526-0038 | C32: Auriga 3B | E32: Burner | F32: January | G32: 450 | H32: 0 | I32: =G32-H32 -> 450 | K32: 200 | L32: 250 | Q32: 0 | R32: 0 | S32: =SUM(J32:P32) -> 450
A33: 32 | B33: BN-SO-2526-0047 | C33: Asteria 60 BLDC | E33: Chimney | F33: February | G33: 0 | H33: 0 | I33: =G33-H33 -> 0 | Q33: 0 | R33: 0 | S33: =SUM(J33:P33) -> 0 | U33: Plan dropped (50 pcs)
A34: 33 | B34: BN-SO-2526-0048 | C34: Asteria 90 BLDC | E34: Chimney | F34: February | G34: 0 | H34: 0 | I34: =G34-H34 -> 0 | Q34: 0 | R34: 0 | S34: =SUM(J34:P34) -> 0 | U34: Plan dropped (50 pcs)
A35: 34 | B35: BN-SO-2526-0040 | C35: Solaria 3B | E35: Burner | F35: February | G35: 350 | H35: 0 | I35: =G35-H35 -> 350 | N35: 200 | O35: 150 | Q35: 0 | R35: 50 | S35: =SUM(J35:P35) -> 350
A36: 35 | B36: BN-SO-2526-0041 | C36: Solaria 4B | E36: Burner | F36: February | G36: 550 | H36: 0 | I36: =G36-H36 -> 550 | N36: 300 | O36: 250 | Q36: 0 | R36: 50 | S36: =SUM(J36:P36) -> 550
A37: 36 | B37: BN-SO-2526-0039 | C37: Auriga 3B | E37: Burner | F37: February | G37: 450 | H37: 0 | I37: =G37-H37 -> 450 | M37: 450 | Q37: 0 | R37: 0 | S37: =SUM(J37:P37) -> 450
A38: 37 | B38: BN-SO-2526-0038 | C38: Auriga 4B | E38: Burner | F38: February | G38: 800 | H38: 0 | I38: =G38-H38 -> 800 | M38: 200 | N38: 600 | Q38: =35+36 -> 71 | R38: 0 | S38: =SUM(J38:P38) -> 800
A39: 38 | B39: BN-SO-2526-0042 | C39: Arista 60 BLDC | E39: Chimney | F39: February | G39: 0 | H39: 0 | I39: =G39-H39 -> 0 | Q39: 0 | R39: 0 | S39: =SUM(J39:P39) -> 0 | U39: Plan dropped (50 pcs)
A40: 39 | B40: BN-SO-2526-0042 | C40: Arista 90 BLDC | E40: Chimney | F40: February | G40: 0 | H40: 0 | I40: =G40-H40 -> 0 | Q40: 0 | R40: 0 | S40: =SUM(J40:P40) -> 0 | U40: Plan dropped (50 pcs)
A41: 40 | B41: BN-SO-2526-0029 | C41: Asteria 60 | E41: Chimney | F41: February | G41: 200 | H41: 200 | I41: =G41-H41 -> 0 | Q41: =23+310 -> 333 | R41: 502 | S41: =SUM(J41:P41) -> 0
A42: 41 | B42: BN-SO-2526-0030 | C42: Asteria 90 | E42: Chimney | F42: February | G42: 0 | H42: 0 | I42: =G42-H42 -> 0 | M42: 200 | Q42: =44+219 -> 263 | R42: 14 | S42: 0
A43: 42 | B43: BN-SO-2526-0034 | C43: Cube | E43: Chimney | F43: February | G43: 6000 | H43: 0 | I43: =G43-H43 -> 6000 | K43: 500 | L43: 500 | M43: 1000 | N43: 1000 | Q43: =240+209 -> 449 | R43: =63+1 -> 64 | S43: =SUM(J43:P43) -> 3000
A44: 43 | B44: BN-SO-2526-0032 | C44: Eris 60 | E44: Chimney | F44: February | G44: 0 | H44: 0 | I44: =G44-H44 -> 0 | Q44: =139+23+30 -> 192 | R44: 0 | S44: =SUM(J44:P44) -> 0 | T44: 200
A45: 44 | B45: BN-SO-2526-0033 | C45: Eris 90 | E45: Chimney | F45: February | G45: 0 | H45: 0 | I45: =G45-H45 -> 0 | Q45: =56+22+25 -> 103 | R45: 0 | S45: =SUM(J45:P45) -> 0 | T45: 250
A46: 45 | C46: Orion | E46: Chimney | F46: February | G46: 120 | L46: 120 | S46: =SUM(J46:P46) -> 120
A47: 46 | B47: BN-SO-2526-0036 | C47: Dorado 3B | E47: Burner | F47: February | G47: 400 | H47: 0 | I47: =G47-H47 -> 400 | P47: 200 | Q47: =410+0+33 -> 443 | R47: 204 | S47: =SUM(J47:P47) -> 200 | T47: 200
A48: 47 | B48: BN-SO-2526-0037 | C48: Dorado 4B | E48: Burner | F48: February | G48: 800 | H48: 0 | I48: =G48-H48 -> 800 | P48: 200 | Q48: =32+141 -> 173 | R48: 480 | S48: =SUM(J48:P48) -> 200 | T48: 400 | U48: 200
A49: 48 | B49: BN-SO-2526-0035 | C49: Altair 4B | E49: Burner | F49: February | G49: 0 | H49: 0 | I49: =G49-H49 -> 0 | Q49: =657+34 -> 691 | R49: 0 | S49: =SUM(J49:P49) -> 0 | T49: 0
A50: 49 | B50: BN-SO-2526-0038 | C50: Auriga 3B | E50: Burner | F50: March | G50: 600 | H50: 0 | I50: =G50-H50 -> 600 | O50: 400 | P50: 200 | Q50: 0 | R50: 0 | S50: =SUM(J50:P50) -> 600 | T50: 200
A51: 50 | B51: BN-SO-2526-0040 | C51: Solaria 3B | E51: Burner | F51: March | G51: 450 | H51: 0 | I51: =G51-H51 -> 450 | O51: 200 | P51: 250 | Q51: 0 | R51: 0 | S51: =SUM(J51:P51) -> 450
A52: 51 | B52: BN-SO-2526-0047 | C52: Asteria 60 BLDC | E52: Chimney | F52: March | G52: 0 | H52: 0 | I52: =G52-H52 -> 0 | Q52: 0 | R52: 0 | S52: =SUM(J52:P52) -> 0 | V52: Plan dropped
A53: 52 | B53: BN-SO-2526-0048 | C53: Asteria 90 BLDC | E53: Chimney | F53: March | G53: 0 | H53: 0 | I53: =G53-H53 -> 0 | Q53: 0 | R53: 0 | S53: =SUM(J53:P53) -> 0 | V53: Plan dropped
A54: 53 | B54: BN-SO-2526-0043 | C54: Arista 60 | E54: Chimney | F54: March | G54: 0 | H54: 0 | I54: =G54-H54 -> 0 | Q54: =23+37 -> 60 | R54: 0 | S54: =SUM(J54:P54) -> 0 | T54: 200
A55: 54 | B55: BN-SO-2526-0044 | C55: Arista 90 | E55: Chimney | F55: March | G55: 0 | H55: 0 | I55: =G55-H55 -> 0 | Q55: =19+30+54 -> 103 | R55: 0 | S55: =SUM(J55:P55) -> 0 | T55: 200
A56: 55 | B56: BN-SO-2526-0029 | C56: Asteria 60 | E56: Chimney | F56: March | G56: 0 | H56: 0 | I56: =G56-H56 -> 0 | Q56: 0 | R56: 0 | S56: =SUM(J56:P56) -> 0 | T56: 200
A57: 56 | B57: BN-SO-2526-0030 | C57: Asteria 90 | E57: Chimney | F57: March | G57: 200 | H57: 0 | I57: =G57-H57 -> 200 | Q57: 0 | R57: 0 | S57: =SUM(J57:P57) -> 0 | T57: 200
A58: 57 | B58: BN-SO-2526-0034 | C58: Cube | E58: Chimney | F58: March | G58: 9000 | H58: 0 | I58: =G58-H58 -> 9000 | Q58: 0 | R58: 0 | S58: =SUM(J58:P58) -> 0
A59: 58 | B59: BN-SO-2526-0045 | C59: Elara 60 | E59: Chimney | F59: March | G59: 0 | H59: 0 | I59: =G59-H59 -> 0 | Q59: =151+3+50 -> 204 | R59: 0 | S59: =SUM(J59:P59) -> 0 | T59: 275
A60: 59 | B60: BN-SO-2526-0046 | C60: Elara 90 | E60: Chimney | F60: March | G60: 0 | H60: 0 | I60: =G60-H60 -> 0 | Q60: =2+79+60 -> 141 | R60: 0 | S60: =SUM(J60:P60) -> 0 | T60: 275
A61: 60 | B61: BN-SO-2526-0032 | C61: Eris 60 | E61: Chimney | F61: March | G61: 200 | H61: 0 | I61: =G61-H61 -> 200 | Q61: 0 | R61: 0 | S61: =SUM(J61:P61) -> 0 | T61: 275
A62: 61 | B62: BN-SO-2526-0033 | C62: Eris 90 | E62: Chimney | F62: March | G62: 200 | H62: 0 | I62: =G62-H62 -> 200 | Q62: 0 | R62: 0 | S62: =SUM(J62:P62) -> 0 | T62: 325
A63: 62 | B63: BN-SO-2526-0031 | C63: Orion | E63: Chimney | F63: March | G63: 204 | H63: 0 | I63: =G63-H63 -> 204 | N63: 44 | O63: 160 | Q63: 0 | R63: 0 | S63: =SUM(J63:P63) -> 204 | T63: 148
A64: 63 | B64: BN-SO-2526-0036 | C64: Dorado 3B | E64: Burner | F64: March | G64: 400 | H64: 0 | I64: =G64-H64 -> 400 | Q64: 0 | R64: 0 | S64: =SUM(J64:P64) -> 0
A65: 64 | B65: BN-SO-2526-0037 | C65: Dorado 4B | E65: Burner | F65: March | G65: 800 | H65: 0 | I65: =G65-H65 -> 800 | Q65: 0 | R65: 0 | S65: =SUM(J65:P65) -> 0
A66: 65 | B66: BN-SO-2526-0035 | C66: Altair 4B | E66: Burner | F66: March | G66: 0 | H66: 0 | I66: =G66-H66 -> 0 | Q66: 0 | R66: 0 | S66: =SUM(J66:P66) -> 0
A67: 66 | B67: BN-SO-2526-0041 | C67: Solaria 4B | E67: Burner | F67: March | G67: 0 | H67: 0 | I67: =G67-H67 -> 0 | O67: 100 | P67: 350 | Q67: 0 | R67: 0 | S67: =SUM(J67:P67) -> 450
A68: 67 | B68: BN-SO-2526-0039 | C68: Auriga 4B | E68: Burner | F68: March | G68: 0 | H68: 0 | I68: =G68-H68 -> 0 | O68: 0 | P68: 0 | Q68: 0 | R68: 0 | S68: =SUM(J68:P68) -> 0 | T68: 200

Sheet Inputs
A1: Sl. No | B1: Work Order | C1: Product | D1: LL | E1: Category | F1: Qtr | G1: Qty | H1: Completed | I1: Pending | J1: Sales Request | K1: WO Creation | L1: WO No | M1: DRG Request Date | N1: DRG Release Date | O1: Costing Sign Off | P1: PO Completion | Q1: LL Item Receiving | R1: Buffer | S1: Sub-Assembly TAT | T1: FG Start | U1: Lead Time | V1: 45992
A2: 1 | B2: BN-SO-2526-0005 | C2: Solaria 4B | E2: Burner | F2: JAS | I2: 0
A3: 2 | B3: BN-SO-2526-0002 | C3: Zyra 4 Burner | E3: Burner | F3: JAS | G3: 290 | H3: 260 | I3: =G3-H3 -> 30
A4: 3 | B4: BN-SO-2526-0049 | C4: Solaria 3B | E4: Burner | F4: OND | G4: 350 | H4: =98+85+40 -> 223 | I4: =G4-H4 -> 127 | L4: =B4 -> BN-SO-2526-0049 | V4: Costing to be finalised
A5: 4 | B5: BN-SO-2526-0026 | C5: Arista 60 | D5: 60 | E5: Chimney | F5: OND | G5: 0 | H5: 0 | I5: =G5-H5 -> 0 | J5: 45859 | K5: 45869 | L5: =B5 -> BN-SO-2526-0026 | M5: 45870 | N5: 45975 | O5: 15-12-2025 | Q5: =P5+D5+15 -> 75 | R5: =Q5+10 -> 85 | S5: =R5+7 -> 92 | T5: =S5+1 -> 93 | U5: =T5-J5-1 -> -45767
A6: 5 | B6: BN-SO-2526-0026 | C6: Arista 90 | D6: 60 | E6: Chimney | F6: OND | G6: 0 | H6: 0 | I6: =G6-H6 -> 0 | J6: 45859 | K6: 45869 | L6: =B6 -> BN-SO-2526-0026 | M6: 45870 | N6: 45975 | O6: 15-12-2025 | Q6: =N6+D6+15 -> 46050 | R6: =Q6+10 -> 46060 | S6: =R6+7 -> 46067 | T6: =S6+1 -> 46068 | U6: =T6-J6-1 -> 208
A7: 6 | B7: BN-SO-2526-0023 | C7: Asteria 60 | D7: 60 | E7: Chimney | F7: OND | G7: 600 | H7: 600 | I7: =G7-H7 -> 0 | J7: 45859 | K7: 45869 | L7: =B7 -> BN-SO-2526-0023 | M7: 45870 | N7: 45908 | O7: 45992 | P7: 46006 | Q7: =N7+D7+15 -> 45983 | R7: =Q7+10 -> 45993 | S7: =R7+7 -> 46000 | T7: =S7+1 -> 46001 | U7: =T7-J7-1 -> 141
A8: 7 | B8: BN-SO-2526-0023 | C8: Asteria 90 | D8: 60 | E8: Chimney | F8: OND | G8: 550 | H8: 550 | I8: =G8-H8 -> 0 | J8: 45859 | K8: 45869 | L8: =B8 -> BN-SO-2526-0023 | M8: 45870 | N8: 45908 | O8: 45992 | P8: 46006 | Q8: =N8+D8+15 -> 45983 | R8: =Q8+10 -> 45993 | S8: =R8+7 -> 46000 | T8: =S8+1 -> 46001 | U8: =T8-J8-1 -> 141
A9: 8 | B9: BN-SO-2526-0028 | C9: Cube | D9: 75 | E9: Chimney | F9: OND | G9: 4000 | H9: 4000 | I9: =G9-H9 -> 0 | J9: 45880 | K9: 45908 | L9: =B9 -> BN-SO-2526-0028 | M9: 45908 | N9: 45905 | O9: 45923 | P9: 46003 | Q9: =N9+D9+15 -> 45995 | R9: =Q9+10 -> 46005 | S9: =R9+7 -> 46012 | T9: =S9+1 -> 46013 | U9: =T9-J9-1 -> 132 | V9: 2000 PO to be shared
A10: 9 | B10: BN-SO-2526-0024 | C10: Elara 60 | D10: 60 | E10: Chimney | F10: OND | G10: 0 | H10: 0 | I10: =G10-H10 -> 0 | J10: 45859 | K10: 45869 | L10: =B10 -> BN-SO-2526-0024 | M10: 45870 | N10: 45988 | O10: 46020 | Q10: =N10+D10+15 -> 46063 | R10: =Q10+10 -> 46073 | S10: =R10+7 -> 46080 | T10: =S10+1 -> 46081 | U10: =T10-J10-1 -> 221 | V10: Costing to be finalised
A11: 10 | B11: BN-SO-2526-0024 | C11: Elara 90 | D11: 60 | E11: Chimney | F11: OND | G11: 0 | H11: 0 | I11: =G11-H11 -> 0 | J11: 45859 | K11: 45869 | L11: =B11 -> BN-SO-2526-0024 | M11: 45870 | N11: 45988 | O11: 46020 | Q11: =N11+D11+15 -> 46063 | R11: =Q11+10 -> 46073 | S11: =R11+7 -> 46080 | T11: =S11+1 -> 46081 | U11: =T11-J11-1 -> 221 | V11: Costing to be finalised
A12: 11 | B12: BN-SO-2526-0025 | C12: Eris 60 | D12: 60 | E12: Chimney | F12: OND | G12: 0 | H12: 0 | I12: =G12-H12 -> 0 | J12: 45859 | K12: 45869 | L12: =B12 -> BN-SO-2526-0025 | M12: 45870 | N12: 45996 | O12: 46020 | Q12: =N12+D12+15 -> 46071 | R12: =Q12+10 -> 46081 | S12: =R12+7 -> 46088 | T12: =S12+1 -> 46089 | U12: =T12-J12-1 -> 229
A13: 12 | B13: BN-SO-2526-0025 | C13: Eris 90 | D13: 60 | E13: Chimney | F13: OND | G13: 0 | H13: 0 | I13: =G13-H13 -> 0 | J13: 45859 | K13: 45869 | L13: =B13 -> BN-SO-2526-0025 | M13: 45870 | N13: 45996 | O13: 46020 | Q13: =N13+D13+15 -> 46071 | R13: =Q13+10 -> 46081 | S13: =R13+7 -> 46088 | T13: =S13+1 -> 46089 | U13: =T13-J13-1 -> 229
A14: 13 | B14: BN-SO-2526-0022 | C14: Orion | D14: 70 | E14: Chimney | F14: OND | G14: 324 | H14: 324 | I14: =G14-H14 -> 0 | J14: 45859 | K14: 45869 | L14: =B14 -> BN-SO-2526-0022 | M14: 45870 | N14: 45908 | P14: 45930 | Q14: =N14+D14+15 -> 45993 | R14: =Q14+10 -> 46003 | S14: =R14+7 -> 46010 | T14: =S14+1 -> 46011 | U14: =T14-J14-1 -> 151
A15: 14 | B15: BN-SO-2526-0019 | C15: Dorado 3B | D15: 65 | E15: Burner | F15: OND | G15: 800 | H15: 800 | I15: =G15-H15 -> 0 | J15: 45859 | K15: 45860 | L15: =B15 -> BN-SO-2526-0019 | M15: 45868 | N15: 45916 | P15: 45924 | Q15: =N15+D15+15 -> 45996 | R15: =Q15+10 -> 46006 | S15: =R15+7 -> 46013 | T15: =S15+1 -> 46014 | U15: =T15-J15-1 -> 154
A16: 15 | B16: BN-SO-2526-0019 | C16: Dorado 4B | D16: 65 | E16: Burner | F16: OND | G16: 1600 | H16: 1600 | I16: =G16-H16 -> 0 | J16: 45859 | K16: 45860 | L16: =B16 -> BN-SO-2526-0019 | M16: 45868 | N16: 45916 | P16: 45924 | Q16: =N16+D16+15 -> 45996 | R16: =Q16+10 -> 46006 | S16: =R16+7 -> 46013 | T16: =S16+1 -> 46014 | U16: =T16-J16-1 -> 154
A17: 16 | B17: BN-SO-2526-0020 | C17: Altair 4B | D17: 70 | E17: Burner | F17: OND | G17: 1255 | H17: 1255 | I17: =G17-H17 -> 0 | J17: 45859 | K17: 45860 | L17: =B17 -> BN-SO-2526-0020 | M17: 45868 | N17: 45948 | P17: 45980 | Q17: =N17+D17+15 -> 46033 | R17: =Q17+10 -> 46043 | S17: =R17+7 -> 46050 | T17: =S17+1 -> 46051 | U17: =T17-J17-1 -> 191
A18: 17 | B18: BN-SO-2526-0042 | C18: Asteria 60 BLDC | E18: Chimney | F18: OND | G18: 50 | H18: 36 | I18: =G18-H18 -> 14 | K18: 45966 | L18: BN-SO-2526-0042 | M18: 45967 | N18: 45975 | V18: Costing to be finalised
A19: 18 | B19: BN-SO-2526-0042 | C19: Asteria 90 BLDC | E19: Chimney | F19: OND | G19: 50 | H19: 40 | I19: =G19-H19 -> 10 | K19: 45966 | L19: BN-SO-2526-0042 | M19: 45967 | N19: 45975 | V19: Costing to be finalised
A20: 19 | B20: BN-SO-2526-0050 | C20: Solaria 4B | E20: Burner | F20: OND | G20: 550 | H20: =185+57+60+98+105 -> 505 | I20: =G20-H20 -> 45 | L20: =B20 -> BN-SO-2526-0050
A21: 20 | B21: BN-SO-2526-0040 | C21: Solaria 3B | E21: Burner | F21: January | G21: 275 | H21: 0 | I21: =G21-H21 -> 275 | K21: 45922 | L21: BN-SO-2526-0040 | M21: 45922 | N21: 45943
A22: 21 | B22: BN-SO-2526-0039 | C22: Auriga 4B | E22: Burner | F22: January | G22: 800 | H22: =65 -> 65 | I22: =G22-H22 -> 735 | K22: 45922 | L22: BN-SO-2526-0039 | M22: 45979 | N22: 46006
A23: 22 | B23: BN-SO-2526-0041 | C23: Solaria 4B | E23: Burner | F23: January | G23: 400 | H23: 0 | I23: =G23-H23 -> 400 | K23: 45922 | L23: BN-SO-2526-0041 | M23: 45922 | N23: 45943
A24: 23 | B24: BN-SO-2526-0029 | C24: Asteria 60 | E24: Chimney | F24: January | G24: 200 | H24: =135+65 -> 200 | I24: =G24-H24 -> 0 | K24: 45922 | L24: BN-SO-2526-0029 | M24: 45922 | N24: Done
A25: 24 | B25: BN-SO-2526-0030 | C25: Asteria 90 | E25: Chimney | F25: January | G25: 0 | H25: 0 | I25: =G25-H25 -> 0 | K25: 45922 | L25: BN-SO-2526-0030 | M25: 45922 | N25: Done | O25: 46006
A26: 25 | B26: BN-SO-2526-0034 | C26: Cube | E26: Chimney | F26: January | G26: 3000 | H26: =167+200+90 -> 457 | I26: =G26-H26 -> 2543 | K26: 45922 | L26: BN-SO-2526-0034 | M26: 45922
A27: 26 | B27: BN-SO-2526-0032 | C27: Eris 60 | E27: Chimney | F27: January | G27: 0 | H27: 0 | I27: =G27-H27 -> 0 | K27: 45922 | L27: BN-SO-2526-0032 | M27: 45922 | N27: 45996
A28: 27 | B28: BN-SO-2526-0033 | C28: Eris 90 | E28: Chimney | F28: January | G28: 0 | H28: 0 | I28: =G28-H28 -> 0 | K28: 45922 | L28: BN-SO-2526-0033 | M28: 45922 | N28: 45996
A29: 28 | B29: BN-SO-2526-0031 | C29: Orion | E29: Chimney | F29: January | G29: 324 | H29: =54+40+35+35+40+32+40+12+34 -> 322 | I29: =G29-H29 -> 2 | K29: 45922 | L29: BN-SO-2526-0031 | M29: 45922 | N29: 45926
A30: 29 | B30: BN-SO-2526-0036 | C30: Dorado 3B | E30: Burner | F30: January | G30: 300 | H30: =243+57 -> 300 | I30: =G30-H30 -> 0 | K30: 45922 | L30: BN-SO-2526-0036 | M30: 45922 | N30: Date to be mentioned
A31: 30 | B31: BN-SO-2526-0037 | C31: Dorado 4B | E31: Burner | F31: January | G31: 700 | H31: =487+77 -> 564 | I31: =G31-H31 -> 136 | K31: 45922 | L31: BN-SO-2526-0037 | M31: 45922 | N31: Date to be mentioned
A32: 32 | B32: BN-SO-2526-0038 | C32: Auriga 3B | E32: Burner | F32: January | G32: 450 | H32: 0 | I32: =G32-H32 -> 450 | K32: 45922 | L32: BN-SO-2526-0038 | M32: 45979 | N32: 46006
A33: 35 | B33: BN-SO-2526-0047 | C33: Asteria 60 BLDC | E33: Chimney | F33: February | G33: 0 | H33: 0 | I33: =G33-H33 -> 0 | K33: 45996 | L33: BN-SO-2526-0047 | M33: TBD
A34: 36 | B34: BN-SO-2526-0048 | C34: Asteria 90 BLDC | E34: Chimney | F34: February | G34: 0 | H34: 0 | I34: =G34-H34 -> 0 | K34: 45996 | L34: BN-SO-2526-0048 | M34: TBD
A35: 37 | B35: BN-SO-2526-0040 | C35: Solaria 3B | E35: Burner | F35: February | G35: 350 | H35: 0 | I35: =G35-H35 -> 350 | K35: 45922 | L35: BN-SO-2526-0040 | M35: 45922
A36: 38 | B36: BN-SO-2526-0041 | C36: Solaria 4B | E36: Burner | F36: February | G36: 550 | H36: 0 | I36: =G36-H36 -> 550 | K36: 45922 | L36: BN-SO-2526-0041 | M36: 45922
A37: 39 | B37: BN-SO-2526-0039 | C37: Auriga 4B | E37: Burner | F37: February | G37: 450 | H37: 0 | I37: =G37-H37 -> 450 | K37: 45922 | L37: BN-SO-2526-0039 | M37: 45979
A38: 40 | B38: BN-SO-2526-0038 | C38: Auriga 3B | E38: Burner | F38: February | G38: 800 | H38: 0 | I38: =G38-H38 -> 800 | K38: 45922 | L38: BN-SO-2526-0038 | M38: 45979
A39: 41 | B39: BN-SO-2526-0042 | C39: Arista 60 BLDC | E39: Chimney | F39: February | G39: 0 | H39: 0 | I39: =G39-H39 -> 0 | J39: jm | K39: 45966 | L39: BN-SO-2526-0042 | M39: 45967 | N39: 45975
A40: 42 | B40: BN-SO-2526-0042 | C40: Arista 90 BLDC | E40: Chimney | F40: February | G40: 0 | H40: 0 | I40: =G40-H40 -> 0 | K40: 45966 | L40: BN-SO-2526-0042 | M40: 45967 | N40: 45975
A41: 45 | B41: BN-SO-2526-0029 | C41: Asteria 60 | E41: Chimney | F41: February | G41: 200 | H41: 200 | I41: =G41-H41 -> 0 | K41: 45922 | L41: BN-SO-2526-0029 | M41: 45922
A42: 46 | B42: BN-SO-2526-0030 | C42: Asteria 90 | E42: Chimney | F42: February | G42: 0 | H42: 0 | I42: =G42-H42 -> 0 | K42: 45922 | L42: BN-SO-2526-0030 | M42: 45922
A43: 47 | B43: BN-SO-2526-0034 | C43: Cube | E43: Chimney | F43: February | G43: 6000 | H43: 0 | I43: =G43-H43 -> 6000 | K43: 45922 | L43: BN-SO-2526-0034 | M43: 46024
A44: 50 | B44: BN-SO-2526-0032 | C44: Eris 60 | E44: Chimney | F44: February | G44: 0 | H44: 0 | I44: =G44-H44 -> 0 | K44: 45922 | L44: BN-SO-2526-0032 | M44: 45922
A45: 51 | B45: BN-SO-2526-0033 | C45: Eris 90 | E45: Chimney | F45: February | G45: 0 | H45: 0 | I45: =G45-H45 -> 0 | K45: 45922 | L45: BN-SO-2526-0033 | M45: 45922
A46: 52 | B46: BN-SO-2526-0031 | C46: Orion | E46: Chimney | F46: February | G46: 120 | H46: 0 | I46: =G46-H46 -> 120
A47: 53 | B47: BN-SO-2526-0036 | C47: Dorado 3B | E47: Burner | F47: February | G47: 400 | H47: 0 | I47: =G47-H47 -> 400 | K47: 45922 | L47: BN-SO-2526-0036 | M47: 45922
A48: 54 | B48: BN-SO-2526-0037 | C48: Dorado 4B | E48: Burner | F48: February | G48: 800 | H48: 0 | I48: =G48-H48 -> 800 | K48: 45922 | L48: BN-SO-2526-0037 | M48: 45922
A49: 55 | B49: BN-SO-2526-0035 | C49: Altair 4B | E49: Burner | F49: February | G49: 0 | H49: 0 | I49: =G49-H49 -> 0 | K49: 45922 | L49: BN-SO-2526-0035 | M49: 45922
A50: 56 | B50: BN-SO-2526-0038 | C50: Auriga 3B | E50: Burner | F50: March | G50: 600 | H50: 0 | I50: =G50-H50 -> 600 | K50: 45922 | L50: BN-SO-2526-0038 | M50: 45979
A51: 57 | B51: BN-SO-2526-0040 | C51: Solaria 3B | E51: Burner | F51: March | G51: 450 | H51: 0 | I51: =G51-H51 -> 450 | K51: 45922 | L51: BN-SO-2526-0040 | M51: 45922
B52: BN-SO-2526-0047 | C52: Asteria 60 BLDC | E52: Chimney | F52: March | G52: 0 | H52: 0 | I52: =G52-H52 -> 0
B53: BN-SO-2526-0048 | C53: Asteria 90 BLDC | E53: Chimney | F53: March | G53: 0 | H53: 0 | I53: =G53-H53 -> 0
A54: 58 | B54: BN-SO-2526-0043 | C54: Arista 60 | E54: Chimney | F54: March | G54: 0 | H54: 0 | I54: =G54-H54 -> 0 | K54: 45996 | L54: BN-SO-2526-0043 | M54: 46024
A55: 59 | B55: BN-SO-2526-0044 | C55: Arista 90 | E55: Chimney | F55: March | G55: 0 | H55: 0 | I55: =G55-H55 -> 0 | K55: 45996 | L55: BN-SO-2526-0044 | M55: 46024
A56: 60 | B56: BN-SO-2526-0029 | C56: Asteria 60 | E56: Chimney | F56: March | G56: 0 | H56: 0 | I56: =G56-H56 -> 0 | K56: 45922 | L56: BN-SO-2526-0029 | M56: 45922
A57: 61 | B57: BN-SO-2526-0030 | C57: Asteria 90 | E57: Chimney | F57: March | G57: 0 | H57: 0 | I57: =G57-H57 -> 0 | K57: 45922 | L57: BN-SO-2526-0030 | M57: 45922
A58: 62 | B58: BN-SO-2526-0034 | C58: Cube | E58: Chimney | F58: March | G58: 9000 | H58: 0 | I58: =G58-H58 -> 9000 | K58: 45922 | L58: BN-SO-2526-0034 | M58: 46024
A59: 63 | B59: BN-SO-2526-0045 | C59: Elara 60 | E59: Chimney | F59: March | G59: 0 | H59: 0 | I59: =G59-H59 -> 0 | K59: 45996 | L59: BN-SO-2526-0045 | M59: 46024
A60: 64 | B60: BN-SO-2526-0046 | C60: Elara 90 | E60: Chimney | F60: March | G60: 0 | H60: 0 | I60: =G60-H60 -> 0 | K60: 45996 | L60: BN-SO-2526-0046 | M60: 46024
A61: 65 | B61: BN-SO-2526-0032 | C61: Eris 60 | E61: Chimney | F61: March | G61: 200 | H61: 0 | I61: =G61-H61 -> 200 | K61: 45922 | L61: BN-SO-2526-0032 | M61: 45922
A62: 66 | B62: BN-SO-2526-0033 | C62: Eris 90 | E62: Chimney | F62: March | G62: 200 | H62: 0 | I62: =G62-H62 -> 200 | K62: 45922 | L62: BN-SO-2526-0033 | M62: 45922
A63: 67 | B63: BN-SO-2526-0031 | C63: Orion | E63: Chimney | F63: March | G63: 204 | H63: 0 | I63: =G63-H63 -> 204 | K63: 45922 | L63: BN-SO-2526-0031 | M63: 45922
A64: 68 | B64: BN-SO-2526-0036 | C64: Dorado 3B | E64: Burner | F64: March | G64: 400 | H64: 0 | I64: =G64-H64 -> 400 | K64: 45922 | L64: BN-SO-2526-0036 | M64: 45922
A65: 69 | B65: BN-SO-2526-0037 | C65: Dorado 4B | E65: Burner | F65: March | G65: 800 | H65: 0 | I65: =G65-H65 -> 800 | K65: 45922 | L65: BN-SO-2526-0037 | M65: 45922
... A68: 72 | B68: BN-SO-2526-0039 | C68: Auriga 4B | E68: Burner | F68: March | G68: 0 | H68: 0 | I68: =G68-H68 -> 0 | K68: 45922 | L68: BN-SO-2526-0039 | M68: 45979

Sheet Plan-JAS
A1: a | B1: Product | C1: Check | D1: Pending WO | E1: Category | F1: July | G1: 15 | H1: 16 | I1: 17 | J1: 18 | K1: 19 | L1: 20 | M1: 21 | N1: 22 | O1: 23 | P1: 24 | Q1: 25 | R1: 26 | S1: 27 | T1: 28 | U1: 29 | V1: 30 | W1: 31 | X1: Aug | Y1: 2 | Z1: 3 | AA1: 4 | AB1: 5 | AC1: 6 | AD1: 7 | AE1: 8 | AF1: 9 | AG1: 10 | AH1: 11 | AI1: 12 | AJ1: 13 | AK1: 14 | AL1: 15 | AM1: 16 | AN1: 17 | AO1: 18 | AP1: 19 | AQ1: 20 | AR1: 21 | AS1: 22 | AT1: 23 | AU1: 24 | AV1: 25 | AW1: 26 | AX1: 27 | AY1: 28 | AZ1: 29 | BA1: 30 | BB1: 31 | BC1: Sep | BD1: 2 | BE1: 3 | BF1: 4 | BG1: 5 | BH1: 6 | BI1: 7 | BJ1: 8 | BK1: 9 | BL1: 10 | BM1: 11 | BN1: 12 | BO1: 13 | BP1: 14 | BQ1: 15 | BR1: 16 | BS1: 17 | BT1: 18 | BU1: 19 | BV1: 20 | BW1: 21 | BX1: 22 | BY1: 23 | BZ1: 24 | CA1: 25 | CB1: 26 | CC1: 27 | CD1: 28 | CE1: 29 | CF1: 30 | CG1: Nov
A2: a | B2: Arista 60 | C2: =SUM(F2:XI2)-D2 -> 0 | D2: 600 | E2: Chimney | T2: 20 | V2: 50 | W2: 50 | X2: 50 | Y2: 50 | AA2: 50 | AB2: 30 | AC2: 0 | AR2: 100 | AS2: 100 | AT2: 100
A3: a | B3: Arista 90 | C3: =SUM(F3:XI3)-D3 -> 0 | D3: 600 | E3: Chimney | T3: 20 | V3: 50 | W3: 50 | X3: 50 | Y3: 50 | AA3: 50 | AB3: 30 | AC3: 0 | AR3: 100 | AS3: 100 | AT3: 100
A4: a | B4: Asteria 60 | C4: =SUM(F4:XI4)-D4 -> 0 | D4: 600 | E4: Chimney | U4: 50 | V4: 110 | W4: 110 | X4: 110 | Y4: 110 | AA4: 110
A5: a | B5: Asteria 90 | C5: =SUM(F5:XI5)-D5 -> 0 | D5: 550 | E5: Chimney | O5: 0 | P5: 80 | Q5: 110 | R5: 110 | S5: 80 | T5: 110 | U5: 60
A6: a | B6: Auriga 3B | C6: =SUM(F6:XI6)-D6 -> 0 | D6: =300+200+500 -> 1000 | E6: Burner | F6: 95 | G6: 50 | H6: 50 | M6: 50 | N6: 55 | W6: 75 | X6: 75 | Y6: 75 | AA6: 75 | AB6: 75 | AC6: 75 | AD6: 75 | AE6: 75 | AF6: 75 | AH6: 25
A7: a | B7: Auriga 4B | C7: =SUM(F7:XI7)-D7 -> 0 | D7: =300+200+500 -> 1000 | E7: Burner | F7: 112 | G7: 50 | H7: 50 | M7: 45 | N7: 43 | W7: 75 | X7: 75 | Y7: 75 | AA7: 75 | AB7: 75 | AC7: 75 | AD7: 75 | AE7: 75 | AF7: 75 | AH7: 25
A8: a | B8: Cube 60 | C8: =SUM(F8:XI8)-D8 -> 0 | D8: =400+2100 -> 2500 | E8: Chimney | F8: 320 | V8: 40 | W8: 40 | Y8: 80 | AA8: 80 | AB8: 80 | AC8: 80 | AD8: 80 | AE8: 100 | AO8: 100 | AP8: 100 | AQ8: 100 | AR8: 100 | AS8: 100 | AT8: 100 | AV8: 100 | AW8: 100 | AX8: 100 | AY8: 100 | AZ8: 100 | BA8: 100 | BC8: 100 | BD8: 100 | BE8: 100 | BF8: 100
A9: a | B9: Dorado 3B | C9: =SUM(F9:XI9)-D9 -> -800 | D9: =420+800+800 -> 2020 | E9: Burner | K9: =90-39 -> 51 | O9: 92 | P9: 92 | Q9: 92 | R9: 93 | AO9: 130 | AP9: 130 | AQ9: 130 | AR9: 130 | AS9: 130 | AT9: 150
A10: a | B10: Dorado 4B | C10: =SUM(F10:XI10)-D10 -> -1600 | D10: =780+1600+1600 -> 3980 | E10: Burner | H10: 115 | I10: 90 | J10: 90 | K10: 90 | O10: 99 | P10: 99 | Q10: 99 | R10: 98 | AO10: 150 | AP10: 150 | AQ10: 150 | AR10: 150 | AS10: 150 | AT10: 150 | AV10: 150 | AW10: 150 | AX10: 150 | AY10: 150 | AZ10: 100
A11: a | B11: Dorado Plus | C11: =SUM(F11:XI11)-D11 -> 0 | D11: 297 | E11: Burner | T11: 90 | U11: 97 | V11: 110
A12: a | B12: Dorado Premium | C12: =SUM(F12:XI12)-D12 -> -1400 | D12: =377+650+1400 -> 2427 | E12: Burner | F12: 203 | I12: 90 | J12: 55 | O12: 29 | AW12: 50 | AX12: 80 | AY12: 80 | AZ12: 80 | BA12: 80 | BC12: 80 | BD12: 80 | BE12: 80 | BF12: 40
A13: a | B13: Elara 60 | C13: =SUM(F13:XI13)-D13 -> 0 | D13: =100+500 -> 600 | E13: Chimney | F13: 11 | G13: 10 | H13: 18 | I13: 8 | O13: 15 | P13: 25 | Q13: 30 | R13: 30 | AE13: 50 | AF13: 53 | AI13: 50 | AJ13: 50 | AK13: 50 | AL13: 50 | AM13: 50 | AR13: 100
A14: a | B14: Elara 90 | C14: =SUM(F14:XI14)-D14 -> 0 | D14: 600 | E14: Chimney | F14: 16 | G14: 10 | H14: 21 | I14: 11 | Q14: 22 | R14: 20 | AB14: 100 | AC14: 100 | AD14: 100 | AE14: 100 | AF14: 100
A15: a | B15: Eris 60 | C15: =SUM(F15:XI15)-D15 -> 0 | D15: 600 | E15: Chimney | AI15: 50 | AJ15: 50 | AK15: 50 | AL15: 50 | AM15: 50 | AN15: 100 | AO15: 100 | AP15: 100 | AQ15: 50
A16: a | B16: Eris 90 | C16: =SUM(F16:XI16)-D16 -> 0 | D16: 600 | E16: Chimney | AE16: 100 | AF16: 100 | AH16: 100 | AI16: 100 | AJ16: 100 | AK16: 100
A17: a | B17: Orion | C17: =SUM(F17:XI17)-D17 -> -324 | D17: =320+324 -> 644 | E17: Chimney | BJ17: 60 | BK17: 60 | BL17: 60 | BM17: 60 | BN17: 60 | BO17: 20
A18: a | B18: Solaria 3B | C18: =SUM(F18:XI18)-D18 -> 0 | D18: 0 | E18: Burner
A19: a | B19: Solaria 4B | C19: =SUM(F19:XI19)-D19 -> 0 | D19: 150 | E19: Burner | AO19: 10 | AP19: 20 | AQ19: 30 | AR19: 30 | AS19: 30 | AT19: 30
A20: a | B20: Zyra | C20: =SUM(F20:XI20)-D20 -> 0 | D20: 290 | E20: Burner | AH20: 10 | AI20: 40 | AJ20: 40 | AK20: 40 | AL20: 40 | AM20: 40 | AO20: 40 | AP20: 40
A21: b | B21: Arista 60 | D21: 600 | E21: Chimney | AA21: 20 | AC21: 100 | AD21: 100 | AE21: 80 | AH21: 40 | AI21: 50 | AO21: 100
A22: b | B22: Arista 90 | D22: 600 | E22: Chimney | AA22: 20 | AC22: 100 | AD22: 100 | AE22: 80 | AH22: 60 | AI22: 50 | AO22: 96
A23: b | B23: Asteria 60 | D23: 600 | E23: Chimney | AC23: =113+20 -> 133 | AE23: 27 | AF23: 50 | AH23: 72 | AX23: 46 | AZ23: 90 | BC23: 60 | BD23: =24*4 -> 96 | BE23: =24*4 -> 96 | BG23: 9 | BJ23: 30 | BK23: 60 | BL23: 65 | BT23: 15
A24: b | B24: Asteria 90 | D24: 550 | E24: Chimney | V24: 55 | W24: 55 | X24: 90 | AH24: 30 | AI24: 70 | AM24: 70 | AR24: 70 | AW24: 70 | AY24: 98 | BG24: 64 | BH24: 36 | BM24: 64 | BN24: 36 | BQ24: 10 | BR24: 70 | BS24: 71 | BT24: 20
A25: b | B25: Auriga 3B | D25: =300+200+500 -> 1000 | E25: Burner | F25: =24+20 -> 44 | G25: 22 | H25: 52 | M25: 50 | N25: 55 | O25: 0 | P25: 0 | Q25: 0 | R25: 0 | T25: 42 | X25: 75 | Y25: 75 | AA25: 75 | AB25: 75 | AC25: 75 | AD25: 75 | AE25: 25 | AF25: 25 | AJ25: 75 | AK25: 75 | AL25: 75 | AM25: 75 | AP25: 60 | AQ25: 60 | AR25: 60 | AS25: 60 | AT25: 60 | AV25: 120 | AW25: 7
A26: b | B26: Auriga 4B | D26: =300+200+500 -> 1000 | E26: Burner | F26: 30 | G26: 30 | H26: 42 | M26: 45 | N26: 43 | T26: 29 | X26: 75 | Y26: 75 | AA26: 75 | AB26: 75 | AC26: 75 | AD26: 75 | AE26: 25 | AF26: 25 | AH26: 50 | AI26: 50 | AJ26: 75 | AK26: 75 | AL26: 75 | AM26: 75 | AP26: 60 | AQ26: 60 | AR26: 60 | AS26: 60 | AT26: 60 | AW26: 28
A27: b | B27: Cube 60 | D27: =400+2100 -> 2500 | E27: Chimney | V27: 40 | W27: 40 | Y27: 80 | AC27: 100 | AD27: 100 | AE27: 100 | AF27: 100 | AH27: 75 | AI27: 75 | AJ27: 75 | AK27: 75 | AL27: 75 | AM27: 75 | AO27: 75 | AP27: 75 | AQ27: 75 | AR27: 75 | AS27: 75 | AT27: 75 | AV27: 100 | AW27: 120 | AX27: 60 | AY27: 120 | AZ27: 120 | BA27: 120 | BJ27: 80 | BK27: 80 | BL27: 80 | BM27: 80 | BN27: 80 | BO27: 80 | BQ27: 80 | BR27: 80 | BS27: 80 | CB27: 80 | CC27: 80 | CD27: 80 | CE27: 69
A28: b | B28: Dorado 3B | D28: =420+800+800 -> 2020 | E28: Burner | J28: 33 | K28: 84 | O28: 92 | P28: 92 | Q28: 92 | R28: 93 | AE28: 150 | AH28: 50 | AI28: 50 | BC28: =120+21+75 -> 216 | BD28: 84 | BG28: 280 | BL28: 150 | BN28: 150 | BQ28: 153 | BS28: 60 | BY28: 32 | CF28: 8
A29: b | B29: Dorado 4B | D29: =780+1600+1600 -> 3980 | E29: Burner | I29: 90 | J29: 97 | K29: 90 | O29: 99 | P29: 99 | Q29: 99 | R29: 98 | AF29: 150 | AH29: 50 | AI29: 50 | BC29: =120+26+75 -> 221 | BD29: =75+150 -> 225 | BE29: 280 | BF29: 280 | BH29: 280 | BI29: 150 | BK29: 25 | BM29: 150 | BO29: 150 | BR29: 150 | BS29: 59 | BY29: 28 | CF29: 21
A30: b | B30: Dorado Plus | D30: 297 | E30: Burner | U30: 90 | V30: 97 | W30: 110 | AJ30: 42 | AR30: zz | BX30: 5
A31: b | B31: Dorado Premium | D31: =377+650+1400 -> 2427 | E31: Burner | I31: 69 | J31: 46 | O31: 29 | AX31: 50 | AY31: 150 | AZ31: 150 | BA31: 150 | BF31: 90 | BJ31: 150 | BK31: 124 | BV31: 62 | BX31: 62
A32: b | B32: Elara 60 | D32: =100+500 -> 600 | E32: Chimney | F32: 11 | G32: 17 | H32: 15 | I32: 8 | J32: 10 | Q32: 0 | R32: 0 | T32: 50 | U32: 30 | V32: 20 | AE32: 50 | AF32: 53 | AI32: 50 | AJ32: 100 | AK32: 100 | AL32: 100 | AM32: 50 | AP32: 100 | AQ32: 100 | AS32: 100 | AT32: 100 | AV32: 100 | AW32: 168 | BT32: 32
A33: b | B33: Elara 90 | D33: =40+500 -> 540 | E33: Chimney | F33: 16 | G33: 10 | H33: 15 | I33: 11 | J33: 7 | AJ33: 100 | AK33: 100 | AP33: 50 | AQ33: 100 | AR33: 50 | AS33: 100 | CC33: 100
A34: b | B34: Eris 60 | D34: 600 | E34: Chimney | AV34: 80 | AW34: 60 | AY34: 60 | AZ34: 60 | BA34: 120 | BF34: =135-23 -> 112 | BX34: 32 | BY34: 75 | BZ34: 75 | CA34: 75 | CB34: 50 | CC34: 32 | CD34: 32 | CE34: 75 | CF34: 19
A35: b | B35: Eris 90 | D35: 600 | E35: Chimney | AP35: 100 | AQ35: 50 | AR35: 100 | AS35: 50 | CC35: 95
A36: b | B36: Orion | D36: =320+320 -> 640 | E36: Chimney | BD36: 36 | BE36: 36 | BG36: 36 | BJ36: 29 | BK36: 60 | BL36: 60 | BM36: 60 | BN36: 72 | BQ36: 30 | CF36: 40 | CG36: 20
A37: b | B37: Solaria 3B | D37: 0 | E37: Burner
A38: b | B38: Solaria 4B | D38: 150 | E38: Burner | BT38: 40 | BU38: 40 | BV38: 50 | BX38: 40 | BY38: 40 | BZ38: 40
A39: b | B39: Zyra | D39: 290 | E39: Burner | BU39: 100 | BV39: 100 | BX39: 50 | CB39: 50 | CC39: 100 | CD39: 90
A40: c | B40: Arista 60 | D40: 600 | E40: Chimney | AB40: 20 | AC40: 35 | AD40: 0 | AE40: 35 | AF40: 31 | AG40: 39 | AI40: 40 | AJ40: 0 | AK40: 0 | AL40: 0 | AM40: 0 | AN40: 0 | AO40: 100
A41: c | B41: Arista 90 | D41: 600 | E41: Chimney | AB41: 16 | AC41: 0 | AD41: 0 | AE41: 0 | AF41: 0 | AG41: 21 | AH41: 115 | AI41: 48 | AJ41: 0 | AK41: 0 | AL41: 0 | AM41: 0 | AN41: 0 | AO41: 100
A42: c | B42: Asteria 60 | D42: 600 | E42: Chimney | AA42: 113 | AB42: 20 | AH42: 72 | AY42: 16 | BF42: 60 | BG42: 46 | BJ42: 30 | BK42: 36 | BL42: 89 | BT42: 15
A43: c | B43: Asteria 90 | D43: 550 | E43: Chimney | AH43: 10 | AI43: 90 | AY43: 80 | AZ43: 88 | BQ43: 10 | BR43: 70 | BS43: 71 | BT43: 20
A44: c | B44: Auriga 3B | D44: =300+200+500 -> 1000 | E44: Burner | F44: 44 | G44: 22 | H44: 52 | M44: 7 | N44: 57 | T44: 39 | V44: 3 | Y44: 5 | AA44: 0 | AB44: 0 | AC44: 0 | AF44: 112 | AP44: 72 | AQ44: 3 | AR44: 70 | AS44: 55
A45: c | B45: Auriga 4B | D45: =300+200+500 -> 1000 | E45: Burner | F45: 30 | G45: 30 | H45: 42 | M45: 47 | N45: 9 | T45: 21 | W45: 8 | AA45: 0 | AB45: 0 | AC45: 0 | AH45: 50 | AI45: 61 | AQ45: 95 | AR45: 55 | AS45: 33 | AT45: 118
A46: c | B46: Cube 60 | D46: =400+2100 -> 2500 | E46: Chimney | V46: 30 | W46: 27 | X46: 23 | AC46: 58 | AD46: 42 | AE46: 51 | AF46: 75 | AH46: 59 | AI46: 75 | AJ46: 75 | AK46: 55 | AL46: 0 | AM46: 0 | AN46: 0 | AO46: 75 | AP46: 75 | AQ46: 75 | AR46: 80 | AS46: 80 | AT46: 70 | AV46: 120 | AW46: 104 | BJ46: 75 | BK46: 74 | BL46: 50 | BM46: 65 | BN46: 80 | BO46: 75 | BQ46: 80 | BR46: 80 | BS46: 43 | CG46: 20
A47: c | B47: Dorado 3B | D47: =420+800+800 -> 2020 | E47: Burner | J47: 33 | K47: 84 | O47: 75 | P47: 76 | Q47: 66 | AE47: 6 | AF47: 44 | AH47: 53 | AI47: 39 | BB47: 21 | BD47: 102 | BE47: 150 | BJ47: 70 | BM47: 140 | BN47: 63 | BO47: 41 | BQ47: 153 | BR47: 6 | BT47: 22 | CB47: 29
A48: c | B48: Dorado 4B | D48: =780+1600+1600 -> 3980 | E48: Burner | I48: 90 | J48: 97 | K48: 90 | O48: 66 | P48: 80 | Q48: 60 | W48: 24 | AE48: 11 | AF48: 69 | AH48: 49 | AI48: 15 | BB48: 26 | BD48: 93 | BE48: 231 | BF48: 350 | BG48: 50 | BH48: 230 | BL48: 156 | BM48: 43 | BN48: 90 | BO48: 111 | BR48: 151 | BS48: 7 | BT48: 39 | CE48: 25
A49: c | B49: Dorado Plus | D49: 297 | E49: Burner | U49: 140 | V49: 74 | W49: 38 | AO49: 27 | BX49: 4 | CA49: 1
A50: c | B50: Dorado Premium | D50: 2427 | E50: Burner | I50: 69 | J50: 46 | N50: 20 | V50: 9 | AZ50: 120 | BA50: 166 | BG50: 91 | BJ50: 95 | BK50: 111 | BM50: 5 | BX50: 24 | CA50: 30 | CB50: 8
A51: c | B51: Elara 60 | D51: 600 | E51: Chimney | F51: 11 | G51: 17 | H51: 15 | I51: 8 | J51: 10 | T51: 50 | U51: 40 | AC51: 3 | AK51: 60 | AL51: 68 | AU51: 100 | AW51: 140 | BU51: 32
A52: c | B52: Elara 90 | D52: 600 | E52: Chimney | F52: 16 | G52: 10 | H52: 15 | I52: 11 | J52: 7 | AC52: 0 | AP52: 50 | AV52: 151 | AX52: 33 | AY52: 50 | AZ52: 81 | BA52: 35
A53: c | B53: Eris 60 | D53: 600 | E53: Chimney | AY53: 23 | BD53: 60 | BE53: 52 | CA53: 78 | CB53: 72 | CC53: 60 | CD53: 55 | CF53: 50
A54: c | B54: Eris 90 | D54: 600 | E54: Chimney | AP54: 40 | AR54: 60 | AW54: 48 | AX54: 52 | AY54: 113 | AZ54: 92 | BA54: 100
A55: c | B55: Orion | D55: =320+320 -> 640 | E55: Chimney | BH55: 39 | BJ55: 29 | BK55: 30 | BM55: 75 | BN55: 57 | BQ55: 30 | CE55: 60
A56: c | B56: Solaria 3B | D56: 0 | E56: Burner
A57: c | B57: Solaria 4B | D57: 150 | E57: Burner | CB57: 70 | CF57: 50
A58: c | B58: Zyra | D58: 290 | E58: Burner | BZ58: 100 | CA58: 35 | CC58: 50 | CG58: 35

Sheet Plan-OND
A1: Sl. NO | B1: Model | C1: Category | D1: OND | E1: CMO | F1: OCT Planned | G1: OCT W1 | H1: OCT W2 | I1: OCT W3 | J1: OCT W4 | K1: OCT W5 | L1: 17th Nov Pending | AK1: Nov | AL1: Nov W1 | AM1: Nov W2 | AN1: Nov W3 | AO1: Nov W4 | BO1: Dec | BP1: DEC W1 | BQ1: DEC W2 | BR1: DEC W3 | BS1: DEC W4 | BT1: DEC W5
A2: 1 | B2: Arista 60 | C2: Chimney | D2: =F2+AK2+BO2 -> 200 | F2: =SUM(G2:K2) -> 0 | AK2: =SUM(AL2:AO2) -> 0 | BO2: =SUM(BP2:BT2) -> 200 | BQ2: 200
A3: 2 | B3: Arista 90 | C3: Chimney | D3: =F3+AK3+BO3 -> 200 | F3: =SUM(G3:K3) -> 0 | AK3: =SUM(AL3:AO3) -> 0 | BO3: =SUM(BP3:BT3) -> 200 | BQ3: 200
A4: 3 | B4: Asteria 60 | C4: Chimney | D4: =F4+AK4+BO4 -> 600 | F4: =SUM(G4:K4) -> 200 | I4: 200 | L4: 20 | AK4: =SUM(AL4:AO4) -> 200 | AL4: 200 | BO4: =SUM(BP4:BT4) -> 200 | BP4: 200
A5: 4 | B5: Asteria 90 | C5: Chimney | D5: =F5+AK5+BO5 -> 550 | F5: =SUM(G5:K5) -> 200 | I5: 200 | L5: 100 | AK5: =SUM(AL5:AO5) -> 200 | AM5: 200 | BO5: =SUM(BP5:BT5) -> 150 | BQ5: 150
A6: 5 | B6: Cube | C6: Chimney | D6: =F6+AK6+BO6 -> 4000 | F6: =SUM(G6:K6) -> 0 | AK6: =SUM(AL6:AO6) -> 4000 | AL6: 1000 | AM6: 1000 | AN6: 1000 | AO6: 1000 | BO6: =SUM(BP6:BT6) -> 0
A7: 6 | B7: Elara 60 | C7: Chimney | D7: =F7+AK7+BO7 -> 250 | F7: =SUM(G7:K7) -> 0 | AK7: =SUM(AL7:AO7) -> 0 | BO7: =SUM(BP7:BT7) -> 250 | BR7: 150 | BT7: 100
A8: 7 | B8: Elara 90 | C8: Chimney | D8: =F8+AK8+BO8 -> 250 | F8: =SUM(G8:K8) -> 0 | AK8: =SUM(AL8:AO8) -> 0 | BO8: =SUM(BP8:BT8) -> 250 | BR8: 150 | BT8: 100
A9: 8 | B9: Eris 60 | C9: Chimney | D9: =F9+AK9+BO9 -> 0 | F9: =SUM(G9:K9) -> 0 | AK9: =SUM(AL9:AO9) -> 0 | BO9: =SUM(BP9:BT9) -> 0
A10: 9 | B10: Eris 90 | C10: Chimney | D10: =F10+AK10+BO10 -> 0 | F10: =SUM(G10:K10) -> 0 | AK10: =SUM(AL10:AO10) -> 0 | BO10: =SUM(BP10:BT10) -> 0
A11: 10 | B11: Orion | C11: Chimney | D11: =F11+AK11+BO11 -> 324 | F11: =SUM(G11:K11) -> 324 | I11: 324 | L11: 324 | AK11: =SUM(AL11:AO11) -> 0 | BO11: =SUM(BP11:BT11) -> 0
A12: 11 | B12: Dorado 3B | C12: Burner | D12: =F12+AK12+BO12 -> 800 | F12: =SUM(G12:K12) -> 300 | H12: 300 | AK12: =SUM(AL12:AO12) -> 300 | AL12: 300 | BO12: =SUM(BP12:BT12) -> 200 | BP12: 200
A13: 12 | B13: Dorado 4B | C13: Burner | D13: =F13+AK13+BO13 -> 1600 | F13: =SUM(G13:K13) -> 600 | I13: 600 | AK13: =SUM(AL13:AO13) -> 500 | AL13: 500 | BO13: =SUM(BP13:BT13) -> 500 | BP13: 500
A14: 13 | B14: Altair 4B | C14: Burner | D14: 1255 | F14: =SUM(G14:K14) -> 0 | AK14: =SUM(AL14:AO14) -> 700 | AM14: 400 | AN14: 300 | BO14: =SUM(BP14:BT14) -> 700 | BQ14: 400 | BR14: 300
A15: 14 | B15: Solaria 3B | C15: Burner | D15: =F15+AK15+BO15 -> 350 | F15: =SUM(G15:K15) -> 0 | AK15: =SUM(AL15:AO15) -> 0 | BO15: 350
A16: 15 | B16: Solaria 4B | C16: Burner | D16: =F16+AK16+BO16 -> 550 | F16: =SUM(G16:K16) -> 0 | AK16: =SUM(AL16:AO16) -> 0 | BO16: 550
A17: 16 | B17: Zyra | C17: Burner | D17: =F17+AK17+BO17 -> 0 | F17: =SUM(G17:K17) -> 0 | AK17: =SUM(AL17:AO17) -> 0 | BO17: =SUM(BP17:BT17) -> 0
A18: 17 | B18: Auriga 3B | C18: Burner | D18: =F18+AK18+BO18 -> 250 | F18: =SUM(G18:K18) -> 250 | H18: 250 | AK18: =SUM(AL18:AO18) -> 0 | BO18: =SUM(BP18:BT18) -> 0 | BP18: 0
A19: 18 | B19: Auriga 4B | C19: Burner | D19: =F19+AK19+BO19 -> 250 | F19: =SUM(G19:K19) -> 250 | H19: 250 | AK19: =SUM(AL19:AO19) -> 0 | BO19: =SUM(BP19:BT19) -> 0 | BP19: 0
B20: TOTAL | D20: =SUM(D2:D19) -> 11429 | F20: =SUM(F4:F19) -> 2124 | AK20: =SUM(AK4:AK19) -> 5900 | BO20: =SUM(BO2:BO19) -> 3550
A21: a | B21: Product | C21: Check | D21: Pending WO | E21: Category | F21: Oct | G21: 2 | H21: 3 | I21: 4 | J21: 5 | K21: 6 | L21: 7 | M21: 8 | N21: 9 | O21: 10 | P21: 11 | Q21: 12 | R21: 13 | S21: 14 | T21: 15 | U21: 16 | V21: 17 | W21: 18 | X21: 19 | Y21: 20 | Z21: 21 | AA21: 22 | AB21: 23 | AC21: 24 | AD21: 25 | AE21: 26 | AF21: 27 | AG21: 28 | AH21: 29 | AI21: 30 | AJ21: 31 | AK21: Nov | AL21: 2 | AM21: 3 | AN21: 4 | AO21: 5 | AP21: 6 | AQ21: 7 | AR21: 8 | AS21: 9 | AT21: 10 | AU21: 11 | AV21: 12 | AW21: 13 | AX21: 14 | AY21: 15 | AZ21: 16 | BA21: 17 | BB21: 18 | BC21: 19 | BD21: 20 | BE21: 21 | BF21: 22 | BG21: 23 | BH21: 24 | BI21: 25 | BJ21: 26 | BK21: 27 | BL21: 28 | BM21: 29 | BN21: 30 | BO21: DEC | BP21: 2 | BQ21: 3 | BR21: 4 | BS21: 5 | BT21: 6 | BU21: 7 | BV21: 8 | BW21: 9 | BX21: 10 | BY21: 11 | BZ21: 12 | CA21: 13 | CB21: 14 | CC21: 15 | CD21: 16 | CE21: 17 | CF21: 18 | CG21: 19 | CH21: 20 | CI21: 21 | CJ21: 22 | CK21: 23 | CL21: 24 | CM21: 25 | CN21: 26 | CO21: 27 | CP21: 28 | CQ21: 29 | CR21: 30 | CS21: 31
A22: 1 | B22: Arista 60 | D22: 200 | E22: Chimney
A23: 2 | B23: Arista 90 | D23: 200 | E23: Chimney
A24: 3 | B24: Asteria 60 | D24: 600 | E24: Chimney | W24: 200 | AU24: 200 | BV24: 100 | BW24: 100 | CC24: 100 | CD24: 100
A25: 4 | B25: Asteria 90 | D25: 550 | E25: Chimney | Y25: 200 | AV25: 200 | BX25: 100 | BY25: 100 | CE25: 150
A26: 5 | B26: Cube 60 | D26: 4000 | E26: Chimney | T26: 100 | U26: 100 | V26: 100 | W26: 200 | AM26: 100 | AN26: 100 | AO26: 100 | AP26: 100 | AQ26: 100 | AW26: 200 | AX26: 200 | AY26: 200 | BA26: 200 | BB26: 200 | BC26: 200 | BD26: 200 | BE26: 200 | BF26: 200 | BH26: 40 | BI26: 40 | BJ26: 47 | BK26: 200 | BL26: 200 | BM26: 200 | BO26: 7 | BS26: 300 | BT26: 200 | BZ26: 300 | CA26: 200 | CC26: 200 | CD26: 200 | CE26: 200 | CF26: 200 | CG26: 200 | CJ26: 200 | CK26: 200 | CL26: 200 | CM26: 200 | CN26: 200 | CQ26: 200 | CR26: 200
A27: 6 | B27: Elara 60 | D27: 250 | E27: Chimney | BP27: 20 | BQ27: 20 | BS27: 27 | CP27: 150 | CS27: 100
A28: 7 | B28: Elara 90 | D28: 250 | E28: Chimney | CQ28: 100 | CR28: 150
A29: 8 | B29: Eris 60 | D29: 0 | E29: Chimney | BP29: 30 | BQ29: 30 | BR29: 30 | BS29: 40 | BT29: 32 | BV29: 40 | BW29: 40
A30: 9 | B30: Eris 90 | D30: 0 | E30: Chimney
A31: 10 | B31: Orion | D31: 324 | E31: Chimney | AT31: 40 | AU31: 40 | AV31: 40 | AW31: 40 | AX31: 40 | AY31: 44 | BA31: 40 | BB31: 40 | BH31: 40 | BI31: 40 | BJ31: 24 | BO31: 40 | CH31: 33
A32: 11 | B32: Dorado 3B | D32: 800 | E32: Burner | S32: 200 | T32: 100 | AM32: 150 | AN32: 150 | CC32: 150 | CD32: 50
A33: 12 | B33: Dorado 4B | D33: 1600 | E33: Burner | T33: 100 | U33: 150 | V33: 200 | W33: 150 | AO33: 100 | AP33: 100 | AQ33: 100 | AR33: 100 | AT33: 100 | CD33: 100 | CE33: 150 | CF33: 150 | CG33: 100
A34: 13 | B34: Dorado Premium | D34: 1255 | E34: Burner | BB34: 100 | BC34: 100 | BD34: 100 | BE34: 150 | BF34: 150 | BH34: 100 | BI34: 100 | BJ34: 100 | BK34: 100 | BL34: 150 | BM34: 150 | BO34: 70 | BP34: 70 | BQ34: 70 | BR34: 70 | BS34: 70 | BT34: 70 | BV34: 100 | BW34: 100 | BX34: 100 | BY34: 100 | BZ34: 100 | CA34: 105
A35: 14 | B35: Solaria 3B | D35: 350 | E35: Burner | CM35: 120 | CN35: 120 | CO35: 120 | CP35: 120
A36: 15 | B36: Solaria 4B | D36: 550 | E36: Burner | BR36: 30 | CJ36: 100 | CK36: 100 | CL36: 100 | CQ36: 120 | CR36: 120 | CS36: 120
A37: 16 | B37: Zyra | D37: 0 | E37: Burner | BZ37: 70
A38: 17 | B38: Auriga 3B | D38: 250 | E38: Burner | M38: 50 | N38: 100 | P38: 100
A39: 18 | B39: Auriga 4B | D39: 250 | E39: Burner | M39: 50 | O39: 100 | R39: 100
A40: 19 | B40: Asteria 60 BLDC | D40: 50 | E40: Chimney | BQ40: 50
A41: 20 | B41: Asteria 90 BLDC | D41: 50 | E41: Chimney | BR41: 50
A42: 1 | B42: Arista 60 | D42: 200 | E42: Chimney
A43: 2 | B43: Arista 90 | D43: 200 | E43: Chimney
A44: 3 | B44: Asteria 60 | D44: 600 | E44: Chimney | AM44: 100 | AN44: 100 | BD44: 20 | CI44: 200 | CJ44: 200
A45: 4 | B45: Asteria 90 | D45: 550 | E45: Chimney | AO45: 100 | AP45: 100 | BE45: 100 | CK45: 200 | CL45: 150
A46: 5 | B46: Cube 60 | D46: 4000 | E46: Chimney | AQ46: 100 | AR46: 100 | AS46: 100 | BA46: 100 | BB46: 100 | BC46: 150 | BD46: 150 | BE46: 100 | BF46: 252 | BY46: 300 | BZ46: 300 | CA46: 300 | CC46: 200 | CD46: 200 | CF46: 200 | CG46: 200 | CM46: =300+300 -> 600 | CP46: 250 | CQ46: 250 | CR46: 250 | CS46: 250
A47: 6 | B47: Elara 60 | D47: 250 | E47: Chimney
A48: 7 | B48: Elara 90 | D48: 250 | E48: Chimney
A49: 8 | B49: Eris 60 | D49: 0 | E49: Chimney
A50: 9 | B50: Eris 90 | D50: 0 | E50: Chimney
A51: 10 | B51: Orion | D51: 324 | E51: Chimney | BA51: 40 | BB51: 40 | BC51: 40 | BD51: 40 | BE51: 40 | BF51: 40
A52: 11 | B52: Dorado 3B | D52: 800 | E52: Burner | CJ52: 50
A53: 12 | B53: Dorado 4B | D53: 1600 | E53: Burner | CJ53: 100 | CK53: 100 | CL53: 100 | CM53: 99
A54: 13 | B54: Dorado Premium | D54: 1255 | E54: Burner | BF54: 70 | BV54: 50 | BX54: 100 | BY54: 100 | BZ54: 100 | CA54: 100 | CC54: 100 | CD54: 100 | CE54: 100 | CF54: 100 | CG54: 100
A55: 14 | B55: Solaria 3B | D55: 350 | E55: Burner
A56: 15 | B56: Solaria 4B | D56: 550 | E56: Burner
A57: 16 | B57: Zyra | D57: 0 | E57: Burner
A58: 17 | B58: Auriga 3B | D58: 250 | E58: Burner
A59: 18 | B59: Auriga 4B | D59: 250 | E59: Burner
A60: 19 | B60: Asteria 60 BLDC | D60: 50 | E60: Chimney | BW60: 50 | CE60: 50
A61: 20 | B61: Asteria 90 BLDC | D61: 50 | E61: Chimney | BX61: 50 | CE61: 50
A62: 1 | B62: Arista 60 | D62: 200 | E62: Chimney
A63: 2 | B63: Arista 90 | D63: 200 | E63: Chimney
A64: 3 | B64: Asteria 60 | D64: 600 | E64: Chimney | AP64: 60 | AQ64: 40 | AU64: 80 | BC64: 20 | CM64: 55 | CN64: 200
A65: 4 | B65: Asteria 90 | D65: 550 | E65: Chimney | AO65: 70 | AP65: 30 | BC65: 89 | CO65: 200 | CP65: 150
A66: 5 | B66: Cube 60 | D66: 4000 | E66: Chimney | BB66: 15 | BD66: 50 | BE66: 150 | BF66: 85 | BI66: 15 | BJ66: 15 | BK66: 30 | BL66: 30 | BM66: 350 | BN66: 20 | BO66: 182 | BS66: 85 | CA66: 300 | CC66: 28 | CD66: 60 | CE66: 222 | CM66: 49 | CP66: 150 | CQ66: 322 | CR66: 300 | CS66: 293
A67: 6 | B67: Elara 60 | D67: 250 | E67: Chimney | BI67: 10 | BK67: 21 | BL67: 20 | BM67: 20
A68: 7 | B68: Elara 90 | D68: 250 | E68: Chimney | BQ68: 20 | BR68: 20 | BT68: 10
A69: 8 | B69: Eris 60 | D69: 0 | E69: Chimney | N69: 50 | BP69: 40 | BQ69: 40 | BR69: 40 | BS69: 60 | BT69: 40
A70: 9 | B70: Eris 90 | D70: 0 | E70: Chimney
A71: 10 | B71: Orion | D71: 324 | E71: Chimney | BA71: 12 | BB71: 18 | BC71: 40 | BD71: 40 | BE71: 40 | BF71: 40 | BH71: 40 | BJ71: 15 | BK71: 6 | BO71: 40 | CN71: 10 | CO71: 20
A72: 11 | B72: Dorado 3B | D72: 800 | E72: Burner | U72: 179 | V72: 121 | AM72: 100 | AO72: 150 | AP72: 50 | BW72: 20 | CF72: 103 | CP72: 9 | CQ72: 18
A73: 12 | B73: Dorado 4B | D73: 1600 | E73: Burner | V73: 40 | W73: 110 | AB73: 130 | AC73: 150 | AD73: 170 | AN73: 147 | AO73: 3 | AP73: 85 | AQ73: 110 | AT73: 98 | AU73: 35 | AV73: 22 | BF73: 32 | BH73: 24 | BI73: 13 | BJ73: 13 | BW73: 19 | CG73: 102 | CH73: 73 | CJ73: 50 | CL73: 16 | CO73: 6 | CP73: 10
A74: 13 | B74: Dorado Premium | D74: 1255 | E74: Burner | BI74: 50 | BJ74: 33 | BK74: 53 | BL74: 30 | BM74: 64 | BO74: 54 | BP74: 44 | BQ74: 28 | BS74: 44 | BT74: 42 | BU74: 50 | BV74: 27 | BW74: 10 | BX74: 43 | BY74: 50 | BZ74: 70 | CA74: 80 | CC74: 80 | CD74: 55 | CE74: 60 | CF74: 10 | CO74: 3
A75: 14 | B75: Solaria 3B | D75: 350 | E75: Burner
A76: 15 | B76: Solaria 4B | D76: 550 | E76: Burner | CH76: 23 | CJ76: 7
A77: 16 | B77: Zyra | D77: 0 | E77: Burner | CL77: 27 | CN77: 13
A78: 17 | B78: Auriga 3B | D78: 250 | E78: Burner | M78: 54 | N78: 1 | P78: 55 | Q78: 28 | R78: 100 | S78: 12
A79: 18 | B79: Auriga 4B | D79: 250 | E79: Burner | M79: 10 | N79: 92 | O79: 92 | P79: 45 | R79: 5 | S79: 6
A80: 19 | B80: Asteria 60 BLDC | D80: 50 | E80: Chimney | CK80: 50
A81: 20 | B81: Asteria 90 BLDC | D81: 50 | E81: Chimney | CK81: 50

Sheet Plan-JFM
A1: Sl. NO | B1: Model | C1: Category | D1: JFM | E1: CMO | F1: JAN | G1: JAN W1 | H1: JAN W2 | I1: JAN W3 | J1: JAN W4 | K1: JAN W5 | AK1: Feb | AL1: FEB W1 | AM1: FEB W2 | AN1: FEB W3 | AO1: FEB W4 | BM1: MAR | BN1: MAR W1 | BO1: MAR W2 | BP1: MAR W3 | BQ1: MAR W4 | BR1: MAR W5
A2: 1 | B2: Asteria 60 | C2: Chimney | D2: 545 | F2: =SUM(G2:K2) -> 545 | G2: 145 | I2: 400 | AK2: =SUM(AL2:AO2) -> 200 | AL2: 200 | BM2: =SUM(BN2:BR2) -> 200 | BN2: 200
A3: 2 | B3: Asteria 90 | C3: Chimney | D3: 0 | F3: =SUM(G3:K3) -> 400 | I3: 400 | AK3: =SUM(AL3:AO3) -> 225 | AL3: 225 | BM3: =SUM(BN3:BR3) -> 225 | BN3: 225
A4: 3 | B4: Orion | C4: Chimney | D4: =F4+AK4+BM4 -> 972 | F4: =SUM(G4:K4) -> 324 | I4: 324 | AK4: =SUM(AL4:AO4) -> 324 | AL4: 324 | BM4: =SUM(BN4:BR4) -> 324 | BN4: 324
A5: 4 | B5: Altair 4B | C5: Burner | D5: 275 | F5: =SUM(G5:K5) -> 875 | H5: 200 | I5: 75 | K5: 600 | AK5: =SUM(AL5:AO5) -> 600 | AL5: 300 | AM5: 300 | BM5: =SUM(BN5:BR5) -> 600 | BN5: 300 | BO5: 300
A6: 5 | B6: Dorado 3B | C6: Burner | D6: 1120 | F6: =SUM(G6:K6) -> 320 | H6: 20 | J6: 300 | AK6: =SUM(AL6:AO6) -> 275 | AL6: 275 | BM6: =SUM(BN6:BR6) -> 375 | BN6: 375
A7: 6 | B7: Dorado 4B | C7: Burner | D7: 2442 | F7: =SUM(G7:K7) -> 842 | H7: 142 | J7: 600 | K7: 100 | AK7: =SUM(AL7:AO7) -> 600 | AL7: 300 | AM7: 300 | BM7: =SUM(BN7:BR7) -> 900 | BN7: 400 | BO7: 300 | BP7: 200
A8: 7 | B8: Elara 60 | C8: Chimney | D8: 0 | F8: =SUM(G8:K8) -> 250 | J8: 250 | AK8: =SUM(AL8:AO8) -> 150 | AL8: 150 | BM8: =SUM(BN8:BR8) -> 210 | BN8: 210
A9: 8 | B9: Elara 90 | C9: Chimney | D9: 0 | F9: =SUM(G9:K9) -> 250 | J9: 250 | AK9: =SUM(AL9:AO9) -> 205 | AL9: 205 | BM9: =SUM(BN9:BR9) -> 275 | BN9: 275
A10: 9 | B10: Eris 60 | C10: Chimney | D10: 200 | F10: =SUM(G10:K10) -> 200 | I10: 200 | AK10: =SUM(AL10:AO10) -> 150 | AL10: 150 | BM10: =SUM(BN10:BR10) -> 185 | BN10: 185
A11: 10 | B11: Eris 90 | C11: Chimney | D11: 200 | F11: =SUM(G11:K11) -> 250 | I11: 250 | AK11: =SUM(AL11:AO11) -> 205 | AL11: 205 | BM11: =SUM(BN11:BR11) -> 250 | BN11: 250
A12: 11 | B12: Arista 60 | C12: Chimney | D12: 0 | F12: =SUM(G12:K12) -> 200 | I12: 200 | AK12: =SUM(AL12:AO12) -> 124 | AL12: 124 | BM12: =SUM(BN12:BR12) -> 161 | BN12: 161
A13: 12 | B13: Arista 90 | C13: Chimney | D13: 0 | F13: =SUM(G13:K13) -> 200 | I13: 200 | AK13: =SUM(AL13:AO13) -> 124 | AL13: 124 | BM13: =SUM(BN13:BR13) -> 161 | BN13: 161
A14: 13 | B14: Cube | C14: Chimney | D14: 19314 | F14: =SUM(G14:K14) -> 4314 | G14: 300 | H14: 1014 | J14: 600 | K14: 2400 | AK14: =SUM(AL14:AO14) -> 7500 | AL14: 1500 | AM14: 2000 | AN14: 2000 | AO14: 2000 | BM14: =SUM(BN14:BR14) -> 7500 | BN14: 1000 | BO14: 1500 | BP14: 2000 | BQ14: 2000 | BR14: 1000
A15: 14 | B15: Auriga 3B | C15: Burner | D15: 1500 | F15: =SUM(G15:K15) -> 400 | J15: 200 | K15: 200 | AK15: =SUM(AL15:AO15) -> 510 | AL15: 510 | BM15: =SUM(BN15:BR15) -> 750 | BN15: 400 | BO15: 350
A16: 15 | B16: Auriga 4B | C16: Burner | D16: 1600 | F16: =SUM(G16:K16) -> 600 | J16: 200 | K16: 400 | AK16: =SUM(AL16:AO16) -> 764 | AL16: 500 | AM16: 264 | BM16: =SUM(BN16:BR16) -> 1100 | BN16: 600 | BO16: 500
A17: 16 | B17: Solaria 3B | C17: Burner | D17: 1425 | F17: =SUM(G17:K17) -> 625 | H17: 200 | I17: 300 | J17: 125 | AK17: =SUM(AL17:AO17) -> 210 | AL17: 210 | BM17: =SUM(BN17:BR17) -> 300 | BN17: 300
A18: 17 | B18: Solaria 4B | C18: Burner | D18: 1500 | F18: =SUM(G18:K18) -> 950 | H18: 300 | I18: 300 | J18: 350 | AK18: =SUM(AL18:AO18) -> 240 | AL18: 240 | BM18: =SUM(BN18:BR18) -> 360 | BN18: 360
A19: 18 | B19: Zyra | C19: Burner | D19: 30 | F19: =SUM(G19:K19) -> 30 | J19: 30
A20: 19 | B20: Asteria 60 BLDC | C20: Chimney | D20: 0 | F20: =SUM(G20:K20) -> 50 | H20: 50
A21: 20 | B21: Asteria 90 BLDC | C21: Chimney | D21: 0 | F21: =SUM(G21:K21) -> 50 | H21: 50
A22: 21 | B22: Arista 60 BLDC | C22: Chimney | D22: 0 | F22: =SUM(G22:K22) -> 50 | K22: 50
A23: 22 | B23: Arista 90 BLDC | C23: Chimney | D23: 0 | F23: =SUM(G23:K23) -> 50 | K23: 50
B24: TOTAL | D24: =SUM(D2:D23) -> 31123 | F24: =SUM(F2:F23) -> 11775 | AK24: =SUM(AK2:AK18) -> 12406 | BM24: =SUM(BM2:BM18) -> 13876
A25: a | B25: Product | C25: Check | D25: Pending WO | E25: Category | F25: JAN | G25: 2 | H25: 3 | I25: 4 | J25: 5 | K25: 6 | L25: 7 | M25: 8 | N25: 9 | O25: 10 | P25: 11 | Q25: 12 | R25: 13 | S25: 14 | T25: 15 | U25: 16 | V25: 17 | W25: 18 | X25: 19 | Y25: 20 | Z25: 21 | AA25: 22 | AB25: 23 | AC25: 24 | AD25: 25 | AE25: 26 | AF25: 27 | AG25: 28 | AH25: 29 | AI25: 30 | AJ25: 31 | AK25: FEB | AL25: 2 | AM25: 3 | AN25: 4 | AO25: 5 | AP25: 6 | AQ25: 7 | AR25: 8 | AS25: 9 | AT25: 10 | AU25: 11 | AV25: 12 | AW25: 13 | AX25: 14 | AY25: 15 | AZ25: 16 | BA25: 17 | BB25: 18 | BC25: 19 | BD25: 20 | BE25: 21 | BF25: 22 | BG25: 23 | BH25: 24 | BI25: 25 | BJ25: 26 | BK25: 27 | BL25: 28 | BM25: MAR | BN25: 2 | BO25: 3 | BP25: 4 | BQ25: 5 | BR25: 6 | BS25: 7 | BT25: 8 | BU25: 9 | BV25: 10 | BW25: 11 | BX25: 12 | BY25: 13 | BZ25: 14 | CA25: 15 | CB25: 16 | CC25: 17 | CD25: 18 | CE25: 19 | CF25: 20 | CG25: 21 | CH25: 22 | CI25: 23 | CJ25: 24 | CK25: 25 | CL25: 26 | CM25: 27 | CN25: 28 | CO25: 29 | CP25: 30 | CQ25: 31
A26: a | B26: Arista 60 | D26: 400 | E26: Chimney | Y26: 150 | Z26: 50 | AS26: 150 | AT26: 50
A27: a | B27: Arista 90 | D27: 400 | E27: Chimney | Z27: 50 | AA27: 100 | AT27: 100 | AU27: 100
A28: a | B28: Asteria 60 | D28: 745 | E28: Chimney | L28: 145 | R28: 150 | S28: 150 | T28: 100 | AL28: 150 | AM28: 150 | AN28: 100
A29: a | B29: Asteria 90 | D29: 600 | E29: Chimney | T29: 50 | U29: 150 | V29: 200 | AO29: 150 | AP29: 150 | AQ29: 100
A30: a | B30: Cube 60 | D30: 19314 | E30: Chimney | G30: 150 | H30: 150 | J30: 150 | K30: 150 | L30: 150 | M30: 150 | N30: =100+314 -> 414 | AB30: 300 | AC30: 300 | AE30: =300+200 -> 500 | AF30: =300+200 -> 500 | AG30: =300+200 -> 500 | AH30: =300+200 -> 500 | AI30: =200+200 -> 400 | AV30: 300 | AW30: 300 | AX30: 300 | AZ30: =300+200 -> 500 | BA30: =300+200 -> 500 | BB30: =300+200 -> 500 | BC30: =200+200 -> 400 | BD30: 100 | BE30: 250 | BF30: 250 | BG30: =300+250 -> 550 | BH30: =300+250 -> 550 | BI30: =300+250 -> 550 | BJ30: =350+250 -> 600 | BK30: =350+250 -> 600 | BL30: =400+250 -> 650
A31: a | B31: Elara 60 | D31: 525 | E31: Chimney | Y31: 100 | Z31: 100 | AA31: 50 | AS31: 100 | AT31: 100 | AU31: 50
A32: a | B32: Elara 90 | D32: 525 | E32: Chimney | AA32: 50 | AB32: 100 | AC32: 100 | AU32: 50 | AV32: 100 | AW32: 100
A33: a | B33: Eris 60 | D33: 675 | E33: Chimney | R33: 100 | S33: 100 | AN33: 100 | AO33: 100
A34: a | B34: Eris 90 | D34: 825 | E34: Chimney | T34: 100 | U34: 100 | V34: 50 | AP34: 100 | AQ34: 150
A35: a | B35: Orion | D35: 972 | E35: Chimney | Q35: 50 | R35: 50 | S35: 50 | T35: 50 | U35: 50 | V35: 50 | X35: 24
A36: a | B36: Dorado 3B | D36: 1120 | E36: Burner | L36: 20 | X36: 150 | Y36: 150
A37: a | B37: Dorado 4B | D37: 2442 | E37: Burner | M37: 142 | Z37: 150 | AA37: 150 | AB37: 150 | AC37: 150 | AE37: 100
A38: a | B38: Dorado Premium | D38: 2075 | E38: Burner | N38: 100 | O38: 100 | Q38: 75 | AC38: 100 | AE38: 100 | AF38: 100 | AG38: 100 | AH38: 100 | AI38: 100
A39: a | B39: Solaria 3B | D39: 1325 | E39: Burner | K39: 100 | M39: 100 | Q39: 100 | T39: 100 | V39: 100 | Y39: 125 | AM39: 100 | AS39: 50 | AU39: 50 | AW39: 50 | AZ39: 50 | BB39: 50 | BD39: 50 | BG39: 50 | BI39: 50 | BK39: 50
A40: a | B40: Solaria 4B | D40: 2050 | E40: Burner | L40: 100 | N40: 100 | O40: 100 | R40: 100 | S40: 100 | U40: 100 | X40: 100 | Z40: 100 | AA40: 100 | AB40: 50 | AN40: 100 | AT40: 50 | AV40: 50 | AX40: 50 | BA40: 50 | BC40: 50 | BE40: 50 | BH40: 50 | BJ40: 50 | BL40: 50
A41: a | B41: Zyra | D41: 30 | E41: Burner
A42: a | B42: Auriga 3B | D42: 900 | E42: Burner | Z42: 100 | AB42: 100 | AF42: 100 | AH42: 100 | AW42: 75 | AZ42: 75 | BB42: 75 | BD42: 75 | BG42: 75 | BI42: 75
A43: a | B43: Auriga 4B | D43: 1600 | E43: Burner | AA43: 100 | AC43: 100 | AE43: 100 | AG43: 100 | AI43: 100 | AJ43: 100 | AX43: 75 | BA43: 75 | BC43: 75 | BE43: 75 | BH43: 75 | BJ43: 75 | BL43: 75
A44: a | B44: Asteria 60 BLDC | D44: 250 | E44: Chimney | M44: 50
A45: a | B45: Asteria 90 BLDC | D45: 250 | E45: Chimney | N45: 50
A46: a | B46: Arista 60 BLDC | D46: 50 | E46: Chimney
A47: a | B47: Arista 90 BLDC | D47: 50 | E47: Chimney
A48: b | B48: Arista 60 | D48: 400 | E48: Chimney
A49: b | B49: Arista 90 | D49: 400 | E49: Chimney
A50: b | B50: Asteria 60 | D50: 745 | E50: Chimney
A51: b | B51: Asteria 90 | D51: 600 | E51: Chimney
A52: b | B52: Cube 60 | D52: 19314 | E52: Chimney | Z52: 200 | AA52: 169
A53: b | B53: Elara 60 | D53: 525 | E53: Chimney
A54: b | B54: Elara 90 | D54: 525 | E54: Chimney
A55: b | B55: Eris 60 | D55: 675 | E55: Chimney
A56: b | B56: Eris 90 | D56: 825 | E56: Chimney
A57: b | B57: Orion | D57: 972 | E57: Chimney
A58: b | B58: Dorado 3B | D58: 1120 | E58: Burner | Y58: 100 | Z58: 50 | AC58: 100 | AD58: 50
A59: b | B59: Dorado 4B | D59: 2442 | E59: Burner
A60: b | B60: Dorado Premium | D60: 2075 | E60: Burner | AA60: 100 | AB60: 100 | AC60: 69
A61: b | B61: Solaria 3B | D61: 1325 | E61: Burner | Y61: 100 | Z61: 100 | AA61: 50
A62: b | B62: Solaria 4B | D62: 2050 | E62: Burner | AB62: 100 | AC62: 100 | AD62: 50
A63: b | B63: Zyra | D63: 30 | E63: Burner
A64: b | B64: Auriga 3B | D64: 900 | E64: Burner
A65: b | B65: Auriga 4B | D65: 1600 | E65: Burner
A66: b | B66: Asteria 60 BLDC | D66: 250 | E66: Chimney
A67: b | B67: Asteria 90 BLDC | D67: 250 | E67: Chimney
A68: b | B68: Arista 60 BLDC | D68: 50 | E68: Chimney
A69: b | B69: Arista 90 BLDC | D69: 50 | E69: Chimney
A70: c | B70: Arista 60 | D70: 400 | E70: Chimney
A71: c | B71: Arista 90 | D71: 400 | E71: Chimney
A72: c | B72: Asteria 60 | D72: 745 | E72: Chimney | AD72: 145 | AN72: 135 | AO72: 236 | AP72: 29
A73: c | B73: Asteria 90 | D73: 600 | E73: Chimney
A74: c | B74: Cube 60 | D74: 19314 | E74: Chimney | G74: 117 | H74: 81 | J74: 106 | K74: 61 | L74: 100 | M74: 65 | N74: 70 | O74: 106 | Q74: 114 | R74: 28 | S74: 30 | T74: 40 | U74: 32 | Z74: 200 | AA74: 69 | AB74: 100 | AX74: 167 | BA74: =200+90 -> 290
A75: c | B75: Elara 60 | D75: 525 | E75: Chimney
A76: c | B76: Elara 90 | D76: 525 | E76: Chimney
A77: c | B77: Eris 60 | D77: 675 | E77: Chimney
A78: c | B78: Eris 90 | D78: 825 | E78: Chimney
A79: c | B79: Orion | D79: 972 | E79: Chimney | T79: 31 | U79: 10 | V79: 13 | AC79: 40 | AF79: 35 | AG79: 35 | AI79: 40 | AK79: 32 | AM79: 40 | AO79: 12 | AP79: 32
A80: c | B80: Dorado 3B | D80: 1120 | E80: Burner | S80: 20 | AB80: 19 | AF80: 50 | AG80: 21 | AJ80: 82 | AM80: 51 | AU80: 57
A81: c | B81: Dorado 4B | D81: 2442 | E81: Burner | R81: 18 | S81: 29 | V81: 95 | AD81: 41 | AF81: 53 | AG81: 3 | AH81: 57 | AI81: 62 | AN81: 63 | AO81: 66 | AV81: 77
A82: c | B82: Dorado Premium | D82: 2075 | E82: Burner | R82: 6 | Y82: 48 | Z82: 23 | AA82: 52 | AB82: 62 | AC82: 48 | AD82: 15
A83: c | B83: Solaria 3B | D83: 1325 | E83: Burner | Z83: 70 | AA83: 8 | AB83: 10 | AH83: 10 | AN83: 85 | AT83: 40
A84: c | B84: Solaria 4B | D84: 2050 | E84: Burner | L84: 70 | R84: 20 | V84: 35 | Y84: 40 | Z84: 11 | AH84: 9 | AN84: 57 | AT84: 60 | AV84: 98 | BA84: 105
A85: c | B85: Zyra | D85: 30 | E85: Burner
A86: c | B86: Auriga 3B | D86: 900 | E86: Burner
A87: c | B87: Auriga 4B | D87: 1600 | E87: Burner | BA87: 65
A88: c | B88: Asteria 60 BLDC | D88: 250 | E88: Chimney | J88: 18 | L88: 12 | V88: 6
A89: c | B89: Asteria 90 BLDC | D89: 250 | E89: Chimney | K89: 26 | L89: 4 | V89: 10
A90: c | B90: Arista 60 BLDC | D90: 50 | E90: Chimney
A91: c | B91: Arista 90 BLDC | D91: 50 | E91: Chimney

Sheet S&OP
A1: Sl. No | B1: Model | C1: Category | D1: OND | E1: Oct | F1: Nov | G1: Dec | H1: 45902 | I1: 45909 | J1: =I1+7 -> 45916 | K1: =J1+7 -> 45923 | L1: 45930 | M1: 45937 | N1: 45944 | O1: 45958 | P1: =O1+7 -> 45965 | Q1: =P1+7+7 -> 45979 | R1: =Q1+7 -> 45986 | S1: =R1+7 -> 45993 | T1: =S1+7 -> 46000 | U1: =T1+8 -> 46008 | V1: =U1+6 -> 46014 | W1: =V1+7 -> 46021 | X1: =W1+20 -> 46041 | Y1: 46055 | Z1: 46062
A2: 1 | B2: Arista 60 | C2: Chimney | D2: =SUM(E2:G2) -> 0 | E2: 0 | F2: 0 | G2: 0 | H2: oct cancelled | I2: oct cancelled | J2: oct cancelled | K2: oct cancelled | L2: No OCT plan | M2: No OCT plan | N2: Discuss in NOV 1st week | O2: Anurag to share plan next week | P2: Dec -200 Finalised, COGS approval to be sent by R&D | Q2: Dec 4th week FG | R2: Jan 1st week FG | S2: Jan 1st week FG | T2: Jan 1st week FG | U2: Jan 1st week FG | V2: Jan 1st week FG | X2: Jan - 200 Pending of OND | Y2: 200 nos by 15th Feb
A3: 2 | B3: Arista 90 | C3: Chimney | D3: =SUM(E3:G3) -> 0 | E3: 0 | F3: 0 | G3: 0 | H3: oct cancelled | I3: oct cancelled | J3: oct cancelled | K3: oct cancelled | L3: No OCT plan | M3: No OCT plan | N3: Discuss in NOV 1st week | O3: Anurag to share plan next week | P3: Dec -200 Finalised, COGS approval to be sent by R&D | Q3: Dec 4th week FG | R3: Jan 1st week FG | S3: Jan 1st week FG | T3: Jan 1st week FG | U3: Jan 1st week FG | V3: Jan 1st week FG | X3: Jan - 200 Pending of OND | Y3: 200 nos by 15th Feb
A4: 3 | B4: Asteria 60 | C4: Chimney | D4: =SUM(E4:G4) -> 600 | E4: 200 | F4: 200 | G4: 200 | H4: no change in plan | I4: no change in plan | J4: no change in plan | K4: no change in plan | L4: No changes | M4: No Changes | N4: OCT 22 FG | O4: FG by 4th Nov , BLDC for Dec ( Tentative ) | P4: Oct - by 4th Nov, Nov by 18th Nov, Dec by Nov 28th , BLDC FG - 50 Pcs by 10th Dec | Q4: Dec 1st week 400 nos, Sales to give Jan nos today | R4: No Changes | S4: No Changes | T4: No Changes | U4: No Changes | V4: 24th Dec | W4: 100 Nos pending | X4: Jan - 145 Pcs Pending of OND | Y4: 0 Pending
A5: 4 | B5: Asteria 90 | C5: Chimney | D5: =SUM(E5:G5) -> 550 | E5: 200 | F5: 200 | G5: 150 | H5: no change in plan | I5: no change in plan | J5: no change in plan | K5: no change in plan | L5: No changes | M5: No Changes | N5: OCT 22 FG | O5: FG by 4th Nov , BLDC for Dec ( Tentative ) | P5: Oct - by 4th Nov, Nov by 18th Nov, Dec by Nov 28th , BLDC FG - 50 Pcs by 10th Dec | Q5: Dec 1st week 350 nos, Sales to give Jan nos today | R5: No Changes | S5: No Changes | U5: No Changes | V5: 24th Dec | W5: Produciton completed | X5: 0 Pending | Y5: 0 Pending
A6: 5 | B6: Cube | C6: Chimney | D6: =SUM(E6:G6) -> 4000 | E6: 0 | F6: =80*25 -> 2000 | G6: 2000 | H6: to be updated by 2nd eve + move 3k units from jan to dec | I6: Discussion with R&D for vaneer printing. | J6: Oct - No veneer, 300 moved to Grey | K6: no change | L6: OCT 15h 500 Nos @ 500rs extra | M6: OCT 20th to 22nd FG ready | N6: Magenta color sample to be submited to marketing. Divyanshu by 15th will sahre the box design changes. | O6: 1.Shade Card to be arranged within 3-4 days. 2.Packaging Artwork to be changed. 3. November 10th FG - 1400 (Black), 600 (Grey) 4. November 20th - 1400 (Black), 600 (Grey) | P6: No change in plan | Q6: 700Nos FG in 4th week 1300 Nos of FG in 5th week | S6: Next week 1100 with thermocol, Production to continue the Jan pro | T6: Next week 1100 with thermocol, Production to continue the Jan pro | U6: 1100 will be completed this week remaining 2000 nos will be available by Dec last week | W6: Jan 1st week 4000 nos will be completed | X6: Jan - 364 Pcs Pending of OND | Y6: 0 Pending
A7: 6 | B7: Elara 60 | C7: Chimney | D7: =SUM(E7:G7) -> 0 | E7: 0 | F7: 0 | G7: 0 | H7: oct cancelled | I7: oct cancelled | J7: oct cancelled | K7: oct cancelled | L7: No OCT plan | M7: Anurag will give plan on 15th | N7: Anurag to give plan before diwali | O7: Anurag to share plan next week | P7: December 250 is finalised , COGS approval to be sent by R&D | Q7: Dec 5th week FG | R7: No Changes | S7: No Changes | T7: Jan 1st week FG | U7: Jan 1st week FG | V7: Jan 1st week FG | X7: Jan - 250 Pending of OND | Y7: 250 nos by 15th Feb
A8: 7 | B8: Elara 90 | C8: Chimney | D8: =SUM(E8:G8) -> 0 | E8: 0 | F8: 0 | G8: 0 | H8: oct cancelled | I8: oct cancelled | J8: oct cancelled | K8: oct cancelled | L8: No OCT plan | M8: Anurag will give plan on 15th | N8: Anurag to give plan before diwali | O8: Anurag to share plan next week | P8: December 250 is finalised , COGS approval to be sent by R&D | Q8: Dec 5th week FG | R8: No Changes | S8: No Changes | T8: Jan 1st week FG | U8: Jan 1st week FG | V8: Jan 1st week FG | X8: Jan - 250 Pending of OND | Y8: 250 nos by 15th Feb
A9: 8 | B9: Eris 60 | C9: Chimney | D9: =SUM(E9:G9) -> 0 | E9: 0 | F9: 0 | G9: 0 | H9: no change in plan | I9: no change in plan | J9: no change in plan | K9: oct producttion not required | L9: No changes | M9: No Changes | N9: No changes | O9: Nov - 0, Dec - Number to be revised in next week | P9: Oct,Nov,Dec - 0 | Q9: Oct,Nov,Dec - 0 | R9: No Changes | S9: No Changes | T9: No Changes | U9: No Changes | V9: No Changes | W9: No Changes | X9: No Changes | Y9: 0 Pending
A10: 9 | B10: Eris 90 | C10: Chimney | D10: =SUM(E10:G10) -> 0 | E10: 0 | F10: 0 | G10: 0 | H10: no change in plan | I10: no change in plan | J10: no change in plan | K10: oct producttion not required | L10: No changes | M10: No Changes | N10: No changes | O10: Nov - 0, Dec - Number to be revised in next week | P10: Oct,Nov,Dec - 0 | Q10: Oct,Nov,Dec - 0 | R10: No Changes | S10: No Changes | T10: No Changes | U10: No Changes | V10: No Changes | W10: No Changes | X10: No Changes | Y10: 0 Pending
A11: 10 | B11: Orion | C11: Chimney | D11: =SUM(E11:G11) -> 324 | E11: 0 | F11: 324 | G11: 0 | H11: no change in plan | I11: no change in plan | J11: no change in plan | K11: harmeet to bill today | L11: No changes | M11: Production moved to OCT 5th week | N11: Production moved to OCT 5th week | O11: FG by 10th Nov | P11: FG by 10th Nov | Q11: No change | R11: No Changes | S11: No Changes | T11: No Changes | U11: No Changes | V11: No Changes | W11: Produciton completed | X11: Production completed | Y11: 0 Pending
A12: 11 | B12: Dorado 3B | C12: Burner | D12: =SUM(E12:G12) -> 800 | E12: 300 | F12: 300 | G12: 200 | H12: no change in plan | I12: no change in plan | J12: no change in plan | K12: no change in plan | L12: No changes | M12: No Changes | N12: No changes | O12: November 1st Week | P12: November 1st Week | Q12: Dec 2nd week | R12: No Changes | S12: No Changes | T12: No Changes | U12: No Changes | V12: No Changes | W12: Produciton completed | X12: Production completed | Y12: 0 Pending
A13: 12 | B13: Dorado 4B | C13: Burner | D13: =SUM(E13:G13) -> 1600 | E13: 600 | F13: 500 | G13: 500 | H13: no change in plan | I13: no change in plan | J13: no change in plan | K13: no change in plan | L13: No changes | M13: No Changes | N13: No changes | O13: November 1st Week | P13: November 1st Week | Q13: Dec 2nd week | R13: No Changes | S13: No Changes | T13: No Changes | U13: No Changes | V13: No Changes | W13: Produciton completed | X13: Production completed | Y13: 0 Pending
A14: 13 | B14: Altair 4B | C14: Burner | D14: 1255 | E14: 0 | F14: 700 | G14: 555 | H14: next week realistic timeline | I14: Noember 1st week FG | J14: Noember 1st week FG | K14: November 1st week FG | L14: Nov 3rd Week FG | M14: Nov 3rd Week FG | N14: Nov 3rd Week FG | O14: Nov 3rd Week FG | P14: Nov 3rd Week FG | Q14: 1400 to be ready by DEC 2nd week | R14: No Changes | S14: No Changes | T14: No Changes | U14: No Changes | V14: No Changes | W14: Produciton completed | X14: Production completed | Y14: 0 Pending
A15: 14 | B15: Solaria 3B | C15: Burner | D15: =SUM(E15:G15) -> 350 | E15: 0 | F15: 0 | G15: 350 | J15: no change in plan | K15: no change in plan | L15: No changes | M15: R&D should make one master sample | N15: R&D should make one master sample | O15: R&D should make one master sample | P15: Dec - 350 | Q15: Dec 3rd week | R15: Try to deliver in 2nd week | S15: Dec 4th week | T15: Dec 4th week | U15: Jan 1st week FG | V15: Jan 1st week FG | W15: Jan 1st week FG | X15: Jan - 350 Pending in 4th week | Y15: 262 nos by 15th Feb
A16: 15 | B16: Solaria 4B | C16: Burner | D16: =SUM(E16:G16) -> 550 | E16: 0 | F16: 0 | G16: 550 | H16: 22nd sept despatch of 130 units | I16: 22nd sept despatch of 130 units | J16: no change in plan | K16: delayed to 27th sept | L16: 120 FG ready/10-12 MSL | M16: have customer feedback by month end | N16: have customer feedback by month end | O16: Have customer feedback by month end | P16: Dec - 550 | Q16: Dec 3rd week | R16: Try to deliver in 2nd week | S16: Dec 4th week | T16: Dec 4th week | U16: Jan 1st week FG | V16: Jan 1st week FG | W16: Jan 1st week FG | X16: Jan - 425 Pending in 4th week | Y16: 374 nos by 15th Feb
A17: 16 | B17: Zyra | C17: Burner | D17: =SUM(E17:G17) -> 0 | E17: 0 | F17: 0 | G17: 0 | H17: 30th sept | I17: 22nd sept | J17: no change in plan | K17: 50 done, rest by 30gh | L17: 220 FG ready | M17: have customer feedback by month end | N17: have customer feedback by month end | O17: Order when MSL is 100 Units, R&D to provide Spares for last 290 Batch | P17: Order when MSL is 100 Units, R&D to provide Spares for last 290 Batch | Q17: Order when MSL is 100 Units, R&D to provide Spares for last 290 Batch | S17: Order when MSL is 100 Units, R&D to provide Spares for last 290 Batch | T17: Order when MSL is 100 Units, R&D to provide Spares for last 290 Batch | U17: Order when MSL is 100 Units, R&D to provide Spares for last 290 Batch | V17: Order when MSL is 100 Units, R&D to provide Spares for last 290 Batch | W17: No Changes | X17: Order when MSL is 100 Units | Y17: Order when MSL is 100 Units
A18: 17 | B18: Auriga 3B | C18: Burner | D18: =SUM(E18:G18) -> 250 | E18: 250 | F18: 0 | G18: 0 | H18: additional order 1500 unit valve only | I18: additional order 1500 unit valve only | J18: 3B- 306 | K18: 3b 250 | L18: No changes | M18: No Changes | N18: No Changes | O18: Ticket Data to be reviewed | P18: Dec - 500 Pcs Cancelled on 7th November | Q18: No change | R18: No Changes | S18: No Changes | T18: No Changes | U18: No Changes | V18: No Changes | W18: No Changes | X18: Production completed | Y18: 0 Pending
A19: 18 | B19: Auriga 4B | C19: Burner | D19: =SUM(E19:G19) -> 250 | E19: 250 | F19: 0 | G19: 0 | H19: additional order 1500 unit valve only | I19: additional order 1500 unit valve only | J19: 4B - 309 | K19: 4b 250 | L19: No changes | M19: No Changes | N19: No Changes | O19: Ticket Data to be reviewed | P19: Dec - 500 Pcs Cancelled on 7th November | Q19: No change | R19: No Changes | S19: No Changes | T19: No Changes | U19: No Changes | V19: No Changes | W19: No Changes | X19: Production completed | Y19: 0 Pending
A20: 19 | B20: Asteria 60 - BLDC | C20: Chimney | D20: =SUM(E20:G20) -> 50 | E20: 0 | F20: 0 | G20: 50 | Q20: Dec 1st week FG and before 10th Bng delivery | R20: Dec 1st week FG and before 10th Bng delivery | S20: Dec 1st week FG and before 10th Bng delivery | T20: 15th Dispatch | U20: 22nd Dispatch | W20: 6th Dispactch | X20: This week - 14 pcs pending | Y20: 14 pcs by 10th Feb
A21: 20 | B21: Asteria 90 - BLDC | C21: Chimney | D21: =SUM(E21:G21) -> 50 | E21: 0 | F21: 0 | G21: 50 | Q21: Dec 1st week FG and before 10th Bng delivery | R21: Dec 1st week FG and before 10th Bng delivery | S21: Dec 1st week FG and before 10th Bng delivery | T21: 15th Dispatch | U21: 22nd Dispatch | V21: 3rd Jan FG | W21: 6th Dispactch | X21: This week - 10 Pcs pending | Y21: 10 pcs by 10th Feb
B23: TOTAL | D23: =SUM(D2:D21) -> 10629 | E23: =SUM(E2:E21) -> 1800 | F23: =SUM(F2:F21) -> 4224 | G23: =SUM(G2:G21) -> 4605
A25: Sl. No | B25: Model | C25: Category | D25: JFM | E25: Jan | F25: Feb | G25: Mar | O25: 45958 | P25: =P1 -> 45965 | Q25: =Q1 -> 45979 | R25: =Q25+7 -> 45986 | S25: =R25+7 -> 45993 | T25: =S25+7 -> 46000 | U25: =T25+8 -> 46008 | V25: =U25+6 -> 46014 | W25: =V25+7 -> 46021
A26: 1 | B26: Arista 60 | C26: Chimney | D26: =SUM(E26:G26) -> 0 | E26: 0 | F26: 0 | G26: 0 | O26: Numbers - TBD by Anurag | P26: Feb quantity to be shared by Nov end, | Q26: NO Jan production | R26: Feb numbers updated | S26: Jan 1st week FG | T26: Jan 1st week FG | U26: Jan 2nd Week FG | V26: Jan 2nd Week FG | W26: Jan 4th Week FG | X26: Feb made Zero | Y26: No change
A27: 2 | B27: Arista 90 | C27: Chimney | D27: =SUM(E27:G27) -> 0 | E27: 0 | F27: 0 | G27: 0 | O27: Numbers - TBD by Anurag | P27: Feb quantity to be shared by Nov end, | Q27: NO Jan production | R27: Feb numbers updated | S27: Jan 1st week FG | T27: Jan 1st week FG | U27: Jan 2nd Week FG | V27: Jan 2nd Week FG | W27: Jan 4th Week FG | X27: Feb made Zero | Y27: No change
A28: 3 | B28: Asteria 60 | C28: Chimney | D28: =SUM(E28:G28) -> 400 | E28: 200 | F28: 200 | G28: 0 | O28: JAN - NO BLDC | P28: Feb quantity to be shared by Nov end, | Q28: No change | R28: Feb numbers updated | T28: Jan 3rd week FG | U28: Jan 3rd week FG | V28: Jan 3rd week FG | W28: Jan 3rd week FG | X28: Jan - Feb in Jan 5th week | Y28: 200 nos by 15th Feb
A29: 4 | B29: Asteria 90 | C29: Chimney | D29: =SUM(E29:G29) -> 200 | E29: 0 | F29: 0 | G29: 200 | O29: JAN - NO BLDC | P29: Feb quantity to be shared by Nov end, | Q29: No change | R29: Feb numbers updated | T29: Jan 3rd week FG | U29: Jan 3rd week FG | V29: Jan 3rd week FG | W29: Jan 3rd week FG | X29: Jan - Feb in Jan 5th week | Y29: 200 nos by 15th Feb
A30: 5 | B30: Cube | C30: Chimney | D30: =SUM(E30:G30) -> 18000 | E30: 3000 | F30: 6000 | G30: 9000 | O30: Jan, Feb - No Change. | P30: FG by JAN 15th | Q30: FG by JAN 15th | R30: FG by JAN 15th | T30: FG by JAN 15th | U30: FG by JAN 15th | V30: 2000 nos before Jan 15th | W30: 2000 nos before Jan 15th | X30: Jan - 2000 in Jan 5th Week | Y30: 4000 pcs in Feb
A31: 6 | B31: Elara 60 | C31: Chimney | D31: =SUM(E31:G31) -> 0 | E31: 0 | F31: 0 | G31: 0 | O31: Numbers - TBD by Anurag | P31: Feb quantity to be shared by Nov end, | Q31: NO Jan production | R31: Feb numbers updated | T31: Jan 5th Week | U31: Jan 5th Week | V31: Jan 5th Week | W31: Jan 5th Week | X31: Feb made Zero , March updated | Y31: No change
A32: 7 | B32: Elara 90 | C32: Chimney | D32: =SUM(E32:G32) -> 0 | E32: 0 | F32: 0 | G32: 0 | O32: Numbers - TBD by Anurag | P32: Feb quantity to be shared by Nov end, | Q32: NO Jan production | R32: Feb numbers updated | T32: Jan 5th Week | U32: Jan 5th Week | V32: Jan 5th Week | W32: Jan 5th Week | X32: Feb made Zero , March updated | Y32: No change
A33: 8 | B33: Eris 60 | C33: Chimney | D33: =SUM(E33:G33) -> 200 | E33: 0 | F33: 0 | G33: 200 | O33: Numbers - TBD by Anurag | P33: Feb quantity to be shared by Nov end, | Q33: No change | R33: Feb numbers updated | T33: Jan 1st week FG | U33: Jan 2nd Week FG | V33: Jan 2nd Week FG | W33: Jan 2nd Week FG | X33: Jan - 5th Week , March updated | Y33: Jan, Feb - 15th Feb
A34: 9 | B34: Eris 90 | C34: Chimney | D34: =SUM(E34:G34) -> 200 | E34: 0 | F34: 0 | G34: 200 | O34: Numbers - TBD by Anurag | P34: Feb quantity to be shared by Nov end, | Q34: No change | R34: Feb numbers updated | T34: Jan 1st week FG | U34: Jan 2nd Week FG | V34: Jan 2nd Week FG | W34: Jan 2nd Week FG | X34: Jan - 5th Week , March updated | Y34: Jan, Feb - 18th Feb
A35: 10 | B35: Orion | C35: Chimney | D35: =SUM(E35:G35) -> 648 | E35: 324 | F35: 120 | G35: 204 | O35: No Change in plan | P35: No change in plan | Q35: No change | R35: No Changes | T35: No Changes | U35: Jan 2nd Week FG | V35: Jan 1st week FG | W35: Jan 1st week FG | X35: Jan - 4th Week | Y35: Jan 88 pcs pending - 7th Feb
A36: 11 | B36: Dorado 3B | C36: Burner | D36: =SUM(E36:G36) -> 1100 | E36: 300 | F36: 400 | G36: 400 | O36: No Change in plan | P36: No change in plan | Q36: No change | R36: No Changes | T36: No Changes | U36: Jan 2nd Week FG | V36: Jan 2nd Week FG | W36: Jan 2nd Week FG | X36: Jan - 5th Week , Feb - Feb 4th Week on wards | Y36: 149 pcs pending by 14th Feb | AA36: Till Dec | AB36: Jan | AC36: Feb | AD36: Mar
A37: 12 | B37: Dorado 4B | C37: Burner | D37: =SUM(E37:G37) -> 2300 | E37: 700 | F37: 800 | G37: 800 | O37: No Change in plan | P37: No change in plan | Q37: No change | R37: No Changes | T37: No Changes | U37: Jan 2nd Week FG | V37: Jan 2nd Week FG | W37: Jan 2nd Week FG | X37: Jan - 5th Week , Feb - Feb 4th Week on wards | Y37: 520 pcs pending by 14th Feb | AA37: 2500 | AB37: 5000 | AC37: 7000 | AD37: 9000
A38: 13 | B38: Altair 4B | C38: Burner | D38: =SUM(E38:G38) -> 0 | E38: 0 | F38: 0 | G38: 0 | O38: Jan - Feb - Mar - Old Altair | P38: No change in plan | Q38: No change | R38: No Changes | T38: No Changes | U38: Jan 5th Week FG | V38: Jan 5th Week FG | W38: Jan 5th Week FG | X38: Jan - Feb - in Feb 3rd Week | Y38: Feb 600pcs by 4th week
A39: 14 | B39: Solaria 3B | C39: Burner | D39: =SUM(E39:G39) -> 1075 | E39: 275 | F39: 350 | G39: 450 | O39: Wait for Feedback | P39: Jan - 275 | Q39: No change | R39: No Changes | T39: No Changes | U39: Jan 3rd Week FG | V39: Jan 3rd Week FG | W39: Jan 3rd Week FG | X39: Jan - Feb 1st Week , Feb - 3rd Week | Y39: Jan - Feb 4th Week
A40: 15 | B40: Solaria 4B | C40: Burner | D40: =SUM(E40:G40) -> 950 | E40: 400 | F40: 550 | G40: 0 | O40: Wait for Feedback | P40: Jan - 400 | Q40: No change | R40: No Changes | T40: No Changes | U40: Jan 3rd Week FG | V40: Jan 3rd Week FG | W40: Jan 3rd Week FG | X40: Jan - Feb 1st Week , Feb - 3rd Week | Y40: Jan - Feb 4th Week
A41: 16 | B41: Zyra | C41: Burner | D41: =SUM(E41:G41) -> 0 | E41: 0 | F41: 0 | G41: 0 | O41: Wait for MSL 100 | P41: March 290 nos | Q41: March 290 nos | R41: No Changes | T41: No Changes | U41: No Changes | V41: No Changes | W41: No Changes | X41: Order when MSL is 100 Units | Y41: Order when MSL is 100 Units
A42: 17 | B42: Auriga 3B | C42: Burner | D42: =SUM(E42:G42) -> 1500 | E42: 450 | F42: 450 | G42: 600 | O42: Ticket Data to be reviewed | P42: Feb quantity to be shared by Nov end, | Q42: Try to deliver before last week of Dec | R42: Anurag to update the quantity by next week | T42: Quantiy for feb is 0 | U42: Jan 18th FG | V42: Jan 18th FG | W42: Jan 18th FG | X42: March - 0 , But plan for 1500 | Y42: Jan - Feb 4th week
A43: 18 | B43: Auriga 4B | C43: Burner | D43: =SUM(E43:G43) -> 1600 | E43: 800 | F43: 800 | G43: 0 | O43: Ticket Data to be reviewed | P43: Feb quantity to be shared by Nov end, | Q43: Try to deliver before last week of Dec | R43: Anurag to update the quantity by next week | T43: Quantiy for feb is 0 | U43: Jan 18th FG | V43: Jan 18th FG | W43: Jan 18th FG | X43: March - 0 , But plan for 1500 | Y43: Jan - Feb 4th week
A44: 19 | B44: Altair Pro 3B | C44: Burner | D44: =SUM(E44:G44) -> 0 | E44: 0 | F44: 0 | G44: 0
A45: 20 | B45: Altair Pro 4B | C45: Burner | D45: =SUM(E45:G45) -> 0 | E45: 0 | F45: 0 | G45: 0
A46: 21 | B46: Cube BLDC | C46: Chimney | D46: =SUM(E46:G46) -> 0 | E46: 0 | F46: 0 | G46: 0 | Y46: 200 pcs added, 1st week of Mar
C48: TOTAL | E48: =SUM(E26:E46) -> 6449 | F48: =SUM(F26:F46) -> 9670 | G48: =SUM(G26:G46) -> 12054 | H48: =SUM(H28:H43) -> 0
A52: Sl. No | B52: Model | C52: Category | D52: AMJ | E52: April | F52: May | G52: June
A53: 1 | B53: Arista 60 | C53: Chimney | D53: =SUM(E53:G53) -> 0 | E53: 0 | F53: 0 | G53: 0
A54: 2 | B54: Arista 90 | C54: Chimney | D54: =SUM(E54:G54) -> 0 | E54: 0 | F54: 0 | G54: 0
A55: 3 | B55: Asteria 60 | C55: Chimney | D55: =SUM(E55:G55) -> 275 | E55: =200+75 -> 275 | F55: 0 | G55: 0
A56: 4 | B56: Asteria 90 | C56: Chimney | D56: =SUM(E56:G56) -> 275 | E56: =200+75 -> 275 | F56: 0 | G56: 0
A57: 5 | B57: Cube | C57: Chimney | D57: =SUM(E57:G57) -> 12000 | E57: 12000 | F57: 0 | G57: 0 | X57: Prepare for 20000
A58: 6 | B58: Elara 60 | C58: Chimney | D58: =SUM(E58:G58) -> 0 | E58: 0 | F58: 0 | G58: 0
A59: 7 | B59: Elara 90 | C59: Chimney | D59: =SUM(E59:G59) -> 0 | E59: 0 | F59: 0 | G59: 0
A60: 8 | B60: Eris 60 | C60: Chimney | D60: 0 | E60: 0 | F60: 0 | G60: 0
A61: 9 | B61: Eris 90 | C61: Chimney | D61: 0 | E61: 0 | F61: 0 | G61: 0
A62: 10 | B62: Orion | C62: Chimney | D62: =SUM(E62:G62) -> 480 | E62: =160*3 -> 480 | F62: 0 | G62: 0
A63: 11 | B63: Dorado 3B | C63: Burner | D63: =SUM(E63:G63) -> 1200 | E63: 600 | F63: 600 | G63: 0
A64: 12 | B64: Dorado 4B | C64: Burner | D64: =SUM(E64:G64) -> 1200 | E64: 600 | F64: 600 | G64: 0
A65: 13 | B65: Altair 4B | C65: Burner | D65: =SUM(E65:G65) -> 600 | E65: 600 | F65: 0 | G65: 0
A66: 14 | B66: Solaria 3B | C66: Burner | D66: =SUM(E66:G66) -> 450 | E66: =350+100 -> 450 | F66: 0 | G66: 0
A67: 15 | B67: Solaria 4B | C67: Burner | D67: =SUM(E67:G67) -> 650 | E67: =550+100 -> 650 | F67: 0 | G67: 0
A68: 16 | B68: Zyra | C68: Burner | D68: =SUM(E68:G68) -> 0 | E68: 0 | F68: 0 | G68: 0 | X68: Order when MSL is 100 Units
A69: 17 | B69: Auriga 3B | C69: Burner | D69: =SUM(E69:G69) -> 600 | E69: =300+300 -> 600 | F69: 0 | G69: 0
A70: 18 | B70: Auriga 4B | C70: Burner | D70: =SUM(E70:G70) -> 1000 | E70: =600+400 -> 1000 | F70: 0 | G70: 0
A71: 19 | B71: Asteria 60 - BLDC | C71: Chimney | D71: =SUM(E71:G71) -> 200 | E71: 200 | F71: 0 | G71: 0
A72: 20 | B72: Asteria 90 - BLDC | C72: Chimney | D72: =SUM(E72:G72) -> 200 | E72: 200 | F72: 0 | G72: 0
A73: 21 | B73: Arista 60 - BLDC | C73: Chimney | D73: =SUM(E73:G73) -> 100 | E73: 100 | F73: 0 | G73: 0 | Y73: Apr - 100
A74: 22 | B74: Arista 90 - BLDC | C74: Chimney | D74: =SUM(E74:G74) -> 100 | E74: 100 | F74: 0 | G74: 0 | Y74: Apr - 100
A75: 23 | B75: Altair Pro 3B | C75: Burner | D75: =SUM(E75:G75) -> 150 | E75: 150
A76: 24 | B76: Altair Pro 4B | C76: Burner | D76: =SUM(E76:G76) -> 150 | E76: 150
A77: 25 | B77: Cube BLDC | C77: Chimney
C78: TOTAL | E78: =SUM(E53:E76) -> 18430 | F78: =SUM(F53:F76) -> 1200 | G78: =SUM(G53:G76) -> 0

Sheet Closed WO
A1: BN-SO-2526-0021 | B1: Eris 60cm | D1: Chimney | E1: JAS | F1: =210+600-110 -> 700 | G1: 700 | H1: =F1-G1 -> 0
A2: BN-SO-2526-0011 | B2: Elara 60cm | D2: Chimney | E2: JAS | F2: 493 | G2: 493 | H2: =F2-G2 -> 0
A3: BN-SO-2526-0021 | B3: Eris 90cm | D3: Chimney | E3: JAS | F3: 600 | G3: 600 | H3: =F3-G3 -> 0
A4: BN-SO-2526-0009 | B4: Cube 60 W/O- Wave - Black | D4: Chimney | E4: JAS | F4: 1692 | G4: 1692 | H4: =F4-G4 -> 0
A5: BN-SO-2526-0027 | B5: Auriga 3B | C5: 60 | D5: Burner | E5: OND | F5: 250 | G5: 250 | H5: =F5-G5 -> 0 | I5: 45859 | J5: 45869 | K5: BN-SO-2526-0027 | L5: 45870 | M5: 45901 | P5: =M5+C5+15 -> 45976 | Q5: =P5+10 -> 45986 | R5: =Q5+7 -> 45993 | S5: =R5+1 -> 45994 | T5: =S5-I5-1 -> 134 | U5: Costing to be finalised
A6: BN-SO-2526-0027 | B6: Auriga 4B | C6: 60 | D6: Burner | E6: OND | F6: 250 | G6: 250 | H6: =F6-G6 -> 0 | I6: 45859 | J6: 45869 | K6: BN-SO-2526-0027 | L6: 45870 | M6: 45901 | P6: =M6+C6+15 -> 45976 | Q6: =P6+10 -> 45986 | R6: =Q6+7 -> 45993 | S6: =R6+1 -> 45994 | T6: =S6-I6-1 -> 134 | U6: Costing to be finalised

Sheet internal to sales
D4: Offline_Sku Plan | P4: Model | Q4: Type | R4: July Req | S4: to give | T4: Aug Req | U4: to give
C5: 18th July'25 | P5: Asteria | Q5: 60 CM | R5: 30 | S5: 30 | T5: 30
C6: Model | D6: July | E6: to be given | F6: August | G6: to be given | H6: Sept | I6: to be given | J6: Oct | K6: Nov | L6: Dec | P6: Asteria | Q6: 90 CM | R6: 30 | S6: 30 | T6: 30
C7: Asteria-60 | D7: 10 | E7: =D7 -> 10 | F7: 25 | G7: 30 | H7: 40 | J7: 25 | K7: 25 | L7: 25 | P7: Orion | Q7: 90 CM | R7: 60 | T7: 60
C8: Asteria-90 | D8: 30 | E8: =D8 -> 30 | F8: 40 | G8: 50 | H8: 60 | J8: 35 | K8: 35 | L8: 35 | P8: Altair | Q8: 4B | R8: 30 | S8: 10 | T8: 30
C9: Dorado -3b | D9: 15 | E9: 10 | F9: 15 | G9: =F9 -> 15 | H9: 15 | J9: 15 | K9: 15 | L9: 15 | P9: Dorado | Q9: 3B | R9: 30 | S9: 30 | T9: 30
C10: Dorado-4b | D10: 20 | E10: 10 | F10: 30 | G10: =F10 -> 30 | H10: 30 | J10: 20 | K10: 20 | L10: 20 | P10: Dorado | Q10: 4B | R10: 60 | S10: 30 | T10: 60
C11: Orion | D11: 40 | E11: 20 | F11: 50 | G11: 0 | H11: 70 | I11: 100 | J11: 50 | K11: 50 | L11: 50 | P11: Elara | Q11: 60 CM | S11: 20
C12: Altair | D12: 50 | E12: 0 | F12: 50 | G12: 25 | H12: 35 | I12: 50 | J12: 20 | K12: 20 | L12: 20 | P12: Elara | Q12: 90 CM | S12: 20
C13: Altair Pro | D13: 50 | E13: 0 | F13: 100 | G13: 150 | H13: 150 | J13: 50 | K13: 50 | L13: 50 | P13: Eris | Q13: 60 CM | R13: 20 | S13: 10 | T13: 0
C14: Cube-Black | D14: 5 | E14: 5 | F14: 10 | G14: 50 | H14: 150 | J14: 100 | K14: 150 | L14: 150 | P14: Eris | Q14: 90 CM | R14: 20 | S14: 10 | T14: 0
C15: Cube-Grey | D15: 5 | E15: 5 | F15: 5 | G15: 5 | H15: 70 | J15: 70 | K15: 70 | L15: 70 | P15: Cube | R15: 60 | S15: 0 | T15: 90
C16: dorado plus | E16: 100 | G16: 0 | H16: 30 | J16: 30 | K16: 30 | L16: 30 | P16: Auriga | Q16: 3B | S16: 25
C17: auriga 3 | D17: 10 | E17: 10 | F17: 25 | G17: 25
C18: auriga 4 | D18: 10 | E18: 10 | F18: 50 | G18: 50
C19: Eris-60 | D19: 10 | E19: 10 | F19: 20 | G19: 20 | H19: 20 | J19: 20 | K19: 20 | L19: 20 | P19: Auriga | Q19: 4B | S19: 25
C20: Eris-90 | D20: 10 | E20: 10 | F20: 30 | G20: 30 | H20: 30 | J20: 30 | K20: 30 | L20: 30 | P20: altair pro | Q20: 4B | R20: 30
E21: =SUM(E7:E20) -> 230 | F21: =SUM(F7:F20) -> 450 | G21: =SUM(G7:G20) -> 480 | H21: =SUM(H7:H20) -> 700 | J21: =SUM(J7:J20) -> 465 | K21: =SUM(K7:K20) -> 515 | L21: =SUM(L7:L20) -> 515 | P21: Solaria | Q21: 3B | R21: 30
P22: Solaria | Q22: 4B | R22: 30
P23: Dorado Plus | Q23: 3B | R23: 30
P24: Dorado Plus | Q24: 4B | R24: 30
P25: arista | R25: 20
P26: arista | R26: 20

Sheet definitions
B4: Sl. No | C4: Definitions
B5: 1 | C5: LL to FG will need gap of 10 days
B6: 2 | C6: 30 days non LL
B7: 3 | C7: MOQ * 3x is possible, beyond which this will have to be looked at case to case basis (3b and 4b tbd)
B8: 4 | C8: china vendor is always rite and their quality is good
B9: 5 | C9: In Production Plan a refers to original plan, b refers to minor changes in plan, c refers to actual achieved

Sheet Weekly target Vs achieved
B1: Aug 03 to 09 | E1: Aug 10 to 16 | H1: Aug 18 to 23 | K1: Aug 24 to 31 | N1: Sep 1 to 7 | Q1: Sep 8 to 14 | T1: Sep 15 to 21 | W1: Sep 22 to October 1st | Z1: Oct 6 to 12 | AC1: Oct 13 to 19 | AF1: Oct 20 to 26 | AI1: Nov 3 to 9 | AL1: Nov 10 to 16 | AO1: Nov 17 to 22 | AR1: Nov 24 to 29 | AU1: Dec 1 to 6 | AX1: Dec 8 to 13 | BA1: Dec 15 to 21 | BD1: Dec 21 to 28 | BG1: Dec 29 to 03 | BJ1: Dec 05 to 10 | BM1: Dec 12 to 18 | BP1: Dec 19 to 24
A2: Product | B2: Target | C2: Revised | D2: Achieved | E2: Target | F2: Revised | G2: Achieved | H2: Target | I2: Revised | J2: Achieved | K2: Target | L2: Revised | M2: Achieved | N2: Target | O2: Revised | P2: Achieved | Q2: Target | R2: Revised | S2: Achieved | T2: Target | U2: Revised | V2: Achieved | W2: Target | X2: Revised | Y2: Achieved | Z2: Target | AA2: Revised | AB2: Achieved | AC2: Target | AD2: Revised | AE2: Achieved | AF2: Target | AG2: Revised | AH2: Achieved | AI2: Target | AJ2: Revised | AK2: Achieved | AL2: Target | AM2: Revised | AN2: Achieved | AO2: Target | AP2: Revised | AQ2: Achieved | AR2: Target | AS2: Revised | AT2: Achieved | AU2: Target | AV2: Revised | AW2: Achieved | AX2: Target | AY2: Revised | AZ2: Achieved | BA2: Target | BB2: Revised | BC2: Achieved | BD2: Target | BE2: Revised | BF2: Achieved | BG2: Target | BH2: Revised | BI2: Achieved | BJ2: Target | BK2: Revised | BL2: Achieved | BM2: Target | BN2: Revised | BO2: Achieved | BP2: Target | BQ2: Revised | BR2: Achieved
A3: Arista 60 | B3: =SUM('Plan-JAS'!AA2:AF2) -> 80 | C3: =SUM('Plan-JAS'!Z21:AF21) -> 300 | D3: =SUM('Plan-JAS'!AA40:AF40) -> 121 | E3: =SUM('Plan-JAS'!AG2:AM2) -> 0 | F3: =SUM('Plan-JAS'!AG21:AM21) -> 90 | G3: =SUM('Plan-JAS'!AG40:AM40) -> 79 | H3: =SUM('Plan-JAS'!AN2:AT2) -> 300 | I3: =SUM('Plan-JAS'!AO21:AT21) -> 100 | J3: =SUM('Plan-JAS'!AN40:AT40) -> 100 | K3: =SUM('Plan-JAS'!AU2:BB2) -> 0 | L3: =SUM('Plan-JAS'!AU21:BB21) -> 0 | M3: =SUM('Plan-JAS'!AU40:BB40) -> 0 | N3: =SUM('Plan-JAS'!BC2:BI2) -> 0 | O3: =SUM('Plan-JAS'!BC21:BI21) -> 0 | P3: =SUM('Plan-JAS'!BC40:BI40) -> 0 | Q3: =SUM('Plan-JAS'!BJ2:BP2) -> 0 | R3: =SUM('Plan-JAS'!BJ21:BP21) -> 0 | S3: =SUM('Plan-JAS'!BJ40:BP40) -> 0 | T3: =SUM('Plan-JAS'!BQ2:BW2) -> 0 | U3: =SUM('Plan-JAS'!BQ21:BW21) -> 0 | V3: =SUM('Plan-JAS'!BQ40:BW40) -> 0 | W3: =SUM('Plan-JAS'!BX2:CG2) -> 0 | X3: =SUM('Plan-JAS'!BX21:CG21) -> 0 | Y3: =SUM('Plan-JAS'!BX40:CG40) -> 0 | Z3: =SUM('Plan-OND'!K22:Q22) -> 0 | AA3: =SUM('Plan-JAS'!CA21:CJ21) -> 0 | AB3: =SUM('Plan-JAS'!CA40:CJ40) -> 0 | AC3: =SUM('Plan-OND'!N22:T22) -> 0 | AD3: =SUM('Plan-JAS'!CD21:CM21) -> 0 | AE3: =SUM('Plan-JAS'!CD40:CM40) -> 0 | AF3: =SUM('Plan-OND'!Q22:W22) -> 0 | AG3: =SUM('Plan-JAS'!CG21:CP21) -> 0 | AH3: =SUM('Plan-JAS'!CG40:CP40) -> 0 | AI3: =SUM('Plan-OND'!T22:Z22) -> 0 | AJ3: =SUM('Plan-JAS'!CJ21:CS21) -> 0 | AK3: =SUM('Plan-JAS'!CJ40:CS40) -> 0 | AL3: =SUM('Plan-OND'!W22:AC22) -> 0 | AM3: =SUM('Plan-JAS'!CM21:CV21) -> 0 | AN3: =SUM('Plan-JAS'!CM40:CV40) -> 0 | AO3: =SUM('Plan-OND'!BA22:BF22) -> 0 | AP3: =SUM('Plan-OND'!BA42:BF42) -> 0 | AQ3: =SUM('Plan-OND'!BA62:BF62) -> 0 | AR3: =SUM('Plan-OND'!BG22:BM22) -> 0 | AS3: =SUM('Plan-OND'!BH42:BM42) -> 0 | AT3: =SUM('Plan-OND'!BH62:BM62) -> 0 | AU3: =SUM('Plan-OND'!BO22:BT22) -> 0 | AV3: =SUM('Plan-OND'!BK42:BP42) -> 0 | AW3: =SUM('Plan-OND'!BO62:BT62) -> 0 | AX3: =SUM('Plan-OND'!BV22:CA22) -> 0 | AY3: =SUM('Plan-OND'!BV42:CA42) -> 0 | AZ3: =SUM('Plan-OND'!BV62:CA62) -> 0 | BA3: =SUM('Plan-OND'!CC22:CH22) -> 0 | BB3: =SUM('Plan-OND'!CC42:CH42) -> 0 | BC3: =SUM('Plan-OND'!CC62:CH62) -> 0 | BD3: =SUM('Plan-OND'!CI22:CP22) -> 0 | BE3: =SUM('Plan-OND'!CI42:CP42) -> 0 | BF3: =SUM('Plan-OND'!CI62:CP62) -> 0 | BG3: =SUM('Plan-OND'!CQ22:CS22)+SUM('Plan-JFM'!G26:H26) -> 0 | BH3: =SUM('Plan-OND'!CQ42:CS42) -> 0 | BI3: =SUM('Plan-OND'!CQ62:CS62)+SUM('Plan-JFM'!G70:H70) -> 0 | BJ3: =SUM('Plan-JFM'!J26:O26) -> 0 | BK3: =SUM('Plan-OND'!CT42:CV42) -> 0 | BL3: =SUM('Plan-JFM'!J70:O70) -> 0 | BM3: =SUM('Plan-JFM'!Q26:W26) -> 0 | BN3: =SUM('Plan-OND'!CW42:CY42) -> 0 | BO3: =SUM('Plan-JFM'!Q70:W70) -> 0 | BP3: =SUM('Plan-JFM'!X26:AC26) -> 200 | BQ3: =SUM('Plan-JFM'!X48:AC48) -> 0 | BR3: =SUM('Plan-JFM'!Y70:AD70) -> 0
A4: Arista 90 | B4: =SUM('Plan-JAS'!AA3:AF3) -> 80 | C4: =SUM('Plan-JAS'!Z22:AF22) -> 300 | D4: =SUM('Plan-JAS'!AA41:AF41) -> 16 | E4: =SUM('Plan-JAS'!AG3:AM3) -> 0 | F4: =SUM('Plan-JAS'!AG22:AM22) -> 110 | G4: =SUM('Plan-JAS'!AG41:AM41) -> 184 | H4: =SUM('Plan-JAS'!AN3:AT3) -> 300 | I4: =SUM('Plan-JAS'!AO22:AT22) -> 96 | J4: =SUM('Plan-JAS'!AN41:AT41) -> 100 | K4: =SUM('Plan-JAS'!AU3:BB3) -> 0 | L4: =SUM('Plan-JAS'!AU22:BB22) -> 0 | M4: =SUM('Plan-JAS'!AU41:BB41) -> 0 | N4: =SUM('Plan-JAS'!BC3:BI3) -> 0 | O4: =SUM('Plan-JAS'!BC22:BI22) -> 0 | P4: =SUM('Plan-JAS'!BC41:BI41) -> 0 | Q4: =SUM('Plan-JAS'!BJ3:BP3) -> 0 | R4: =SUM('Plan-JAS'!BJ22:BP22) -> 0 | S4: =SUM('Plan-JAS'!BJ41:BP41) -> 0 | T4: =SUM('Plan-JAS'!BQ3:BW3) -> 0 | U4: =SUM('Plan-JAS'!BQ22:BW22) -> 0 | V4: =SUM('Plan-JAS'!BQ41:BW41) -> 0 | W4: =SUM('Plan-JAS'!BX3:CG3) -> 0 | X4: =SUM('Plan-JAS'!BX22:CG22) -> 0 | Y4: =SUM('Plan-JAS'!BX41:CG41) -> 0 | Z4: =SUM('Plan-OND'!K23:Q23) -> 0 | AA4: =SUM('Plan-JAS'!CA22:CJ22) -> 0 | AB4: =SUM('Plan-JAS'!CA41:CJ41) -> 0 | AC4: =SUM('Plan-OND'!N23:T23) -> 0 | AD4: =SUM('Plan-JAS'!CD22:CM22) -> 0 | AE4: =SUM('Plan-JAS'!CD41:CM41) -> 0 | AF4: =SUM('Plan-OND'!Q23:W23) -> 0 | AG4: =SUM('Plan-JAS'!CG22:CP22) -> 0 | AH4: =SUM('Plan-JAS'!CG41:CP41) -> 0 | AI4: =SUM('Plan-OND'!T23:Z23) -> 0 | AJ4: =SUM('Plan-JAS'!CJ22:CS22) -> 0 | AK4: =SUM('Plan-JAS'!CJ41:CS41) -> 0 | AL4: =SUM('Plan-OND'!W23:AC23) -> 0 | AM4: =SUM('Plan-JAS'!CM22:CV22) -> 0 | AN4: =SUM('Plan-JAS'!CM41:CV41) -> 0 | AO4: =SUM('Plan-OND'!BA23:BF23) -> 0 | AP4: =SUM('Plan-OND'!BA43:BF43) -> 0 | AQ4: =SUM('Plan-OND'!BA63:BF63) -> 0 | AR4: =SUM('Plan-OND'!BG23:BM23) -> 0 | AS4: =SUM('Plan-OND'!BH43:BM43) -> 0 | AT4: =SUM('Plan-OND'!BH63:BM63) -> 0 | AU4: =SUM('Plan-OND'!BO23:BT23) -> 0 | AV4: =SUM('Plan-OND'!BK43:BP43) -> 0 | AW4: =SUM('Plan-OND'!BO63:BT63) -> 0 | AX4: =SUM('Plan-OND'!BV23:CA23) -> 0 | AY4: =SUM('Plan-OND'!BV43:CA43) -> 0 | AZ4: =SUM('Plan-OND'!BV63:CA63) -> 0 | BA4: =SUM('Plan-OND'!CC23:CH23) -> 0 | BB4: =SUM('Plan-OND'!CC43:CH43) -> 0 | BC4: =SUM('Plan-OND'!CC63:CH63) -> 0 | BD4: =SUM('Plan-OND'!CI23:CP23) -> 0 | BE4: =SUM('Plan-OND'!CI43:CP43) -> 0 | BF4: =SUM('Plan-OND'!CI63:CP63) -> 0 | BG4: =SUM('Plan-OND'!CQ23:CS23)+SUM('Plan-JFM'!G27:H27) -> 0 | BH4: =SUM('Plan-OND'!CQ43:CS43) -> 0 | BI4: =SUM('Plan-OND'!CQ63:CS63)+SUM('Plan-JFM'!G71:H71) -> 0 | BJ4: =SUM('Plan-JFM'!J27:O27) -> 0 | BK4: =SUM('Plan-OND'!CT43:CV43) -> 0 | BL4: =SUM('Plan-JFM'!J71:O71) -> 0 | BM4: =SUM('Plan-JFM'!Q27:W27) -> 0 | BN4: =SUM('Plan-OND'!CW43:CY43) -> 0 | BO4: =SUM('Plan-JFM'!Q71:W71) -> 0 | BP4: =SUM('Plan-JFM'!X27:AC27) -> 150 | BQ4: =SUM('Plan-JFM'!X49:AC49) -> 0 | BR4: =SUM('Plan-JFM'!Y71:AD71) -> 0
A5: Asteria 60 | B5: =SUM('Plan-JAS'!AA4:AF4) -> 110 | C5: =SUM('Plan-JAS'!Z23:AF23) -> 210 | D5: =SUM('Plan-JAS'!AA42:AF42) -> 133 | E5: =SUM('Plan-JAS'!AG4:AM4) -> 0 | F5: =SUM('Plan-JAS'!AG23:AM23) -> 72 | G5: =SUM('Plan-JAS'!AG42:AM42) -> 72 | H5: =SUM('Plan-JAS'!AN4:AT4) -> 0 | I5: =SUM('Plan-JAS'!AO23:AT23) -> 0 | J5: =SUM('Plan-JAS'!AN42:AT42) -> 0 | K5: =SUM('Plan-JAS'!AU4:BB4) -> 0 | L5: =SUM('Plan-JAS'!AU23:BB23) -> 136 | M5: =SUM('Plan-JAS'!AU42:BB42) -> 16 | N5: =SUM('Plan-JAS'!BC4:BI4) -> 0 | O5: =SUM('Plan-JAS'!BC23:BI23) -> 261 | P5: =SUM('Plan-JAS'!BC42:BI42) -> 106 | Q5: =SUM('Plan-JAS'!BJ4:BP4) -> 0 | R5: =SUM('Plan-JAS'!BJ23:BP23) -> 155 | S5: =SUM('Plan-JAS'!BJ42:BP42) -> 155 | T5: =SUM('Plan-JAS'!BQ4:BW4) -> 0 | U5: =SUM('Plan-JAS'!BQ23:BW23) -> 15 | V5: =SUM('Plan-JAS'!BQ42:BW42) -> 15 | W5: =SUM('Plan-JAS'!BX4:CG4) -> 0 | X5: =SUM('Plan-JAS'!BX23:CG23) -> 0 | Y5: =SUM('Plan-JAS'!BX42:CG42) -> 0 | Z5: =SUM('Plan-OND'!K24:Q24) -> 0 | AA5: =SUM('Plan-JAS'!CA23:CJ23) -> 0 | AB5: =SUM('Plan-JAS'!CA42:CJ42) -> 0 | AC5: =SUM('Plan-OND'!N24:T24) -> 0 | AD5: =SUM('Plan-JAS'!CD23:CM23) -> 0 | AE5: =SUM('Plan-JAS'!CD42:CM42) -> 0 | AF5: =SUM('Plan-OND'!Q24:W24) -> 200 | AG5: =SUM('Plan-JAS'!CG23:CP23) -> 0 | AH5: =SUM('Plan-JAS'!CG42:CP42) -> 0 | AI5: =SUM('Plan-OND'!T24:Z24) -> 200 | AJ5: =SUM('Plan-JAS'!CJ23:CS23) -> 0 | AK5: =SUM('Plan-OND'!AM64:AT64) -> 100 | AL5: =SUM('Plan-OND'!AT24:AZ24) -> 200 | AM5: =SUM('Plan-JAS'!CM23:CV23) -> 0 | AN5: =SUM('Plan-OND'!AT64:AY64) -> 80 | AO5: =SUM('Plan-OND'!BA24:BF24) -> 0 | AP5: =SUM('Plan-OND'!BA44:BF44) -> 20 | AQ5: =SUM('Plan-OND'!BA64:BF64) -> 20 | AR5: =SUM('Plan-OND'!BG24:BM24) -> 0 | AS5: =SUM('Plan-OND'!BH44:BM44) -> 0 | AT5: =SUM('Plan-OND'!BH64:BM64) -> 0 | AU5: =SUM('Plan-OND'!BO24:BT24) -> 0 | AV5: =SUM('Plan-OND'!BK44:BP44) -> 0 | AW5: =SUM('Plan-OND'!BO64:BT64) -> 0 | AX5: =SUM('Plan-OND'!BV24:CA24) -> 200 | AY5: =SUM('Plan-OND'!BV44:CA44) -> 0 | AZ5: =SUM('Plan-OND'!BV64:CA64) -> 0 | BA5: =SUM('Plan-OND'!CC24:CH24) -> 200 | BB5: =SUM('Plan-OND'!CC44:CH44) -> 0 | BC5: =SUM('Plan-OND'!CC64:CH64) -> 0 | BD5: =SUM('Plan-OND'!CI24:CP24) -> 0 | BE5: =SUM('Plan-OND'!CI44:CP44) -> 400 | BF5: =SUM('Plan-OND'!CI64:CP64) -> 255 | BG5: =SUM('Plan-OND'!CQ24:CS24)+SUM('Plan-JFM'!G28:H28) -> 0 | BH5: =SUM('Plan-OND'!CQ44:CS44) -> 0 | BI5: =SUM('Plan-OND'!CQ64:CS64)+SUM('Plan-JFM'!G72:H72) -> 0 | BJ5: =SUM('Plan-JFM'!J28:O28) -> 145 | BK5: =SUM('Plan-OND'!CT44:CV44) -> 0 | BL5: =SUM('Plan-JFM'!J72:O72) -> 0 | BM5: =SUM('Plan-JFM'!Q28:W28) -> 400 | BN5: =SUM('Plan-OND'!CW44:CY44) -> 0 | BO5: =SUM('Plan-JFM'!Q72:W72) -> 0 | BP5: =SUM('Plan-JFM'!X28:AC28) -> 0 | BQ5: =SUM('Plan-JFM'!X50:AC50) -> 0 | BR5: =SUM('Plan-JFM'!Y72:AD72) -> 145
A6: Asteria 90 | B6: =SUM('Plan-JAS'!AA5:AF5) -> 0 | C6: =SUM('Plan-JAS'!Z24:AF24) -> 0 | D6: =SUM('Plan-JAS'!AA43:AF43) -> 0 | E6: =SUM('Plan-JAS'!AG5:AM5) -> 0 | F6: =SUM('Plan-JAS'!AG24:AM24) -> 170 | G6: =SUM('Plan-JAS'!AG43:AM43) -> 100 | H6: =SUM('Plan-JAS'!AN5:AT5) -> 0 | I6: =SUM('Plan-JAS'!AO24:AT24) -> 70 | J6: =SUM('Plan-JAS'!AN43:AT43) -> 0 | K6: =SUM('Plan-JAS'!AU5:BB5) -> 0 | L6: =SUM('Plan-JAS'!AU24:BB24) -> 168 | M6: =SUM('Plan-JAS'!AU43:BB43) -> 168 | N6: =SUM('Plan-JAS'!BC5:BI5) -> 0 | O6: =SUM('Plan-JAS'!BC24:BI24) -> 100 | P6: =SUM('Plan-JAS'!BC43:BI43) -> 0 | Q6: =SUM('Plan-JAS'!BJ5:BP5) -> 0 | R6: =SUM('Plan-JAS'!BJ24:BP24) -> 100 | S6: =SUM('Plan-JAS'!BJ43:BP43) -> 0 | T6: =SUM('Plan-JAS'!BQ5:BW5) -> 0 | U6: =SUM('Plan-JAS'!BQ24:BW24) -> 171 | V6: =SUM('Plan-JAS'!BQ43:BW43) -> 171 | W6: =SUM('Plan-JAS'!BX5:CG5) -> 0 | X6: =SUM('Plan-JAS'!BX24:CG24) -> 0 | Y6: =SUM('Plan-JAS'!BX43:CG43) -> 0 | Z6: =SUM('Plan-OND'!K25:Q25) -> 0 | AA6: =SUM('Plan-JAS'!CA24:CJ24) -> 0 | AB6: =SUM('Plan-JAS'!CA43:CJ43) -> 0 | AC6: =SUM('Plan-OND'!N25:T25) -> 0 | AD6: =SUM('Plan-JAS'!CD24:CM24) -> 0 | AE6: =SUM('Plan-JAS'!CD43:CM43) -> 0 | AF6: =SUM('Plan-OND'!Q25:W25) -> 0 | AG6: =SUM('Plan-JAS'!CG24:CP24) -> 0 | AH6: =SUM('Plan-JAS'!CG43:CP43) -> 0 | AI6: =SUM('Plan-OND'!T25:Z25) -> 200 | AJ6: =SUM('Plan-JAS'!CJ24:CS24) -> 0 | AK6: =SUM('Plan-OND'!AM65:AT65) -> 100 | AL6: =SUM('Plan-OND'!AT25:AZ25) -> 200 | AM6: =SUM('Plan-JAS'!CM24:CV24) -> 0 | AN6: 0 | AO6: =SUM('Plan-OND'!BA25:BF25) -> 0 | AP6: =SUM('Plan-OND'!BA45:BF45) -> 100 | AQ6: =SUM('Plan-OND'!BA65:BF65) -> 89 | AR6: =SUM('Plan-OND'!BG25:BM25) -> 0 | AS6: =SUM('Plan-OND'!BH45:BM45) -> 0 | AT6: =SUM('Plan-OND'!BH65:BM65) -> 0 | AU6: =SUM('Plan-OND'!BO25:BT25) -> 0 | AV6: =SUM('Plan-OND'!BK45:BP45) -> 0 | AW6: =SUM('Plan-OND'!BO65:BT65) -> 0 | AX6: =SUM('Plan-OND'!BV25:CA25) -> 200 | AY6: =SUM('Plan-OND'!BV45:CA45) -> 0 | AZ6: =SUM('Plan-OND'!BV65:CA65) -> 0 | BA6: =SUM('Plan-OND'!CC25:CH25) -> 150 | BB6: =SUM('Plan-OND'!CC45:CH45) -> 0 | BC6: =SUM('Plan-OND'!CC65:CH65) -> 0 | BD6: =SUM('Plan-OND'!CI25:CP25) -> 0 | BE6: =SUM('Plan-OND'!CI45:CP45) -> 350 | BF6: =SUM('Plan-OND'!CI65:CP65) -> 350 | BG6: =SUM('Plan-OND'!CQ25:CS25)+SUM('Plan-JFM'!G29:H29) -> 0 | BH6: =SUM('Plan-OND'!CQ45:CS45) -> 0 | BI6: =SUM('Plan-OND'!CQ65:CS65)+SUM('Plan-JFM'!G73:H73) -> 0 | BJ6: =SUM('Plan-JFM'!J29:O29) -> 0 | BK6: =SUM('Plan-OND'!CT45:CV45) -> 0 | BL6: =SUM('Plan-JFM'!J73:O73) -> 0 | BM6: =SUM('Plan-JFM'!Q29:W29) -> 400 | BN6: =SUM('Plan-OND'!CW45:CY45) -> 0 | BO6: =SUM('Plan-JFM'!Q73:W73) -> 0 | BP6: =SUM('Plan-JFM'!X29:AC29) -> 0 | BQ6: =SUM('Plan-JFM'!X51:AC51) -> 0 | BR6: =SUM('Plan-JFM'!Y73:AD73) -> 0
A7: Cube 60 | B7: =SUM('Plan-JAS'!AA8:AF8) -> 420 | C7: =SUM('Plan-JAS'!Z27:AF27) -> 400 | D7: =SUM('Plan-JAS'!AA46:AF46) -> 226 | E7: =SUM('Plan-JAS'!AG8:AM8) -> 0 | F7: =SUM('Plan-JAS'!AG27:AM27) -> 450 | G7: =SUM('Plan-JAS'!AG46:AM46) -> 264 | H7: =SUM('Plan-JAS'!AN8:AT8) -> 600 | I7: =SUM('Plan-JAS'!AO27:AT27) -> 450 | J7: =SUM('Plan-JAS'!AN46:AT46) -> 455 | K7: =SUM('Plan-JAS'!AU8:BB8) -> 600 | L7: =SUM('Plan-JAS'!AU27:BB27) -> 640 | M7: =SUM('Plan-JAS'!AU46:BB46) -> 224 | N7: =SUM('Plan-JAS'!BC8:BI8) -> 400 | O7: =SUM('Plan-JAS'!BC27:BI27) -> 0 | P7: =SUM('Plan-JAS'!BC46:BI46) -> 0 | Q7: =SUM('Plan-JAS'!BJ8:BP8) -> 0 | R7: =SUM('Plan-JAS'!BJ27:BP27) -> 480 | S7: =SUM('Plan-JAS'!BJ46:BP46) -> 419 | T7: =SUM('Plan-JAS'!BQ8:BW8) -> 0 | U7: =SUM('Plan-JAS'!BQ27:BW27) -> 240 | V7: =SUM('Plan-JAS'!BQ46:BW46) -> 203 | W7: =SUM('Plan-JAS'!BX8:CG8) -> 0 | X7: =SUM('Plan-JAS'!BX27:CG27) -> 309 | Y7: =SUM('Plan-JAS'!BX46:CG46) -> 20 | Z7: =SUM('Plan-JAS'!CA8:CJ8) -> 0 | AA7: 0 | AB7: =SUM('Plan-JAS'!CA46:CJ46) -> 20 | AC7: =SUM('Plan-JAS'!CD8:CM8) -> 0 | AD7: 0 | AE7: =SUM('Plan-JAS'!CD46:CM46) -> 20 | AF7: =SUM('Plan-JAS'!CG8:CP8) -> 0 | AG7: 0 | AH7: =SUM('Plan-JAS'!CG46:CP46) -> 20 | AI7: =SUM('Plan-OND'!AM26:AS26) -> 500 | AJ7: =SUM('Plan-OND'!AM46:AS46) -> 300 | AK7: =SUM('Plan-JAS'!CJ46:CS46) -> 0 | AL7: =SUM('Plan-OND'!AT26:AZ26) -> 600 | AM7: 0 | AN7: =SUM('Plan-JAS'!CM46:CV46) -> 0 | AO7: =SUM('Plan-OND'!BA26:BF26) -> 1200 | AP7: =SUM('Plan-OND'!BA46:BF46) -> 852 | AQ7: =SUM('Plan-OND'!BA66:BF66) -> 300 | AR7: =SUM('Plan-OND'!BG26:BM26) -> 727 | AS7: =SUM('Plan-OND'!BH46:BM46) -> 0 | AT7: =SUM('Plan-OND'!BH66:BM66) -> 440 | AU7: =SUM('Plan-OND'!BO26:BT26) -> 507 | AV7: =SUM('Plan-OND'!BK46:BP46) -> 0 | AW7: =SUM('Plan-OND'!BO66:BT66) -> 267 | AX7: =SUM('Plan-OND'!BV26:CA26) -> 500 | AY7: =SUM('Plan-OND'!BV46:CA46) -> 900 | AZ7: =SUM('Plan-OND'!BV66:CA66) -> 300 | BA7: =SUM('Plan-OND'!CC26:CH26) -> 1000 | BB7: =SUM('Plan-OND'!CC46:CH46) -> 800 | BC7: =SUM('Plan-OND'!CC66:CH66) -> 310 | BD7: =SUM('Plan-OND'!CI26:CP26) -> 1000 | BE7: =SUM('Plan-OND'!CI46:CP46) -> 850 | BF7: =SUM('Plan-OND'!CI66:CP66) -> 199 | BG7: =SUM('Plan-OND'!CQ26:CS26)+SUM('Plan-JFM'!G30:H30) -> 700 | BH7: 0 | BI7: =SUM('Plan-OND'!CQ66:CS66)+SUM('Plan-JFM'!G74:H74) -> 1113 | BJ7: =SUM('Plan-JFM'!J30:O30) -> 1014 | BK7: 0 | BL7: =SUM('Plan-JFM'!J74:O74) -> 508 | BM7: =SUM('Plan-JFM'!Q30:W30) -> 0 | BN7: 0 | BO7: =SUM('Plan-JFM'!Q74:W74) -> 244 | BP7: =SUM('Plan-JFM'!X30:AC30) -> 600 | BQ7: =SUM('Plan-JFM'!X52:AC52) -> 369 | BR7: =SUM('Plan-JFM'!Y74:AD74) -> 369
A8: Elara 60 | B8: =SUM('Plan-JAS'!AA13:AF13) -> 103 | C8: =SUM('Plan-JAS'!Z32:AF32) -> 103 | D8: =SUM('Plan-JAS'!AA51:AF51) -> 3 | E8: =SUM('Plan-JAS'!AG13:AM13) -> 250 | F8: =SUM('Plan-JAS'!AG32:AM32) -> 400 | G8: =SUM('Plan-JAS'!AG51:AM51) -> 128 | H8: =SUM('Plan-JAS'!AN13:AT13) -> 100 | I8: =SUM('Plan-JAS'!AO32:AT32) -> 400 | J8: =SUM('Plan-JAS'!AN51:AT51) -> 0 | K8: =SUM('Plan-JAS'!AU13:BB13) -> 0 | L8: =SUM('Plan-JAS'!AU32:BB32) -> 268 | M8: =SUM('Plan-JAS'!AU51:BB51) -> 240 | N8: =SUM('Plan-JAS'!BC13:BI13) -> 0 | O8: =SUM('Plan-JAS'!BC32:BI32) -> 0 | P8: =SUM('Plan-JAS'!BC51:BI51) -> 0 | Q8: =SUM('Plan-JAS'!BJ13:BP13) -> 0 | R8: =SUM('Plan-JAS'!BJ32:BP32) -> 0 | S8: =SUM('Plan-JAS'!BJ51:BP51) -> 0 | T8: =SUM('Plan-JAS'!BQ13:BW13) -> 0 | U8: =SUM('Plan-JAS'!BQ32:BW32) -> 32 | V8: =SUM('Plan-JAS'!BQ51:BW51) -> 32 | W8: =SUM('Plan-JAS'!BX13:CG13) -> 0 | X8: =SUM('Plan-JAS'!BX32:CG32) -> 0 | Y8: =SUM('Plan-JAS'!BX51:CG51) -> 0 | Z8: =SUM('Plan-JAS'!CA13:CJ13) -> 0 | AA8: =SUM('Plan-JAS'!CA32:CJ32) -> 0 | AB8: =SUM('Plan-JAS'!CA51:CJ51) -> 0 | AC8: =SUM('Plan-JAS'!CD13:CM13) -> 0 | AD8: =SUM('Plan-JAS'!CD32:CM32) -> 0 | AE8: =SUM('Plan-JAS'!CD51:CM51) -> 0 | AF8: =SUM('Plan-JAS'!CG13:CP13) -> 0 | AG8: =SUM('Plan-JAS'!CG32:CP32) -> 0 | AH8: =SUM('Plan-JAS'!CG51:CP51) -> 0 | AI8: =SUM('Plan-JAS'!CJ13:CS13) -> 0 | AJ8: =SUM('Plan-JAS'!CJ32:CS32) -> 0 | AK8: =SUM('Plan-JAS'!CJ51:CS51) -> 0 | AL8: =SUM('Plan-JAS'!CM13:CV13) -> 0 | AM8: =SUM('Plan-JAS'!CM32:CV32) -> 0 | AN8: =SUM('Plan-JAS'!CM51:CV51) -> 0 | AO8: =SUM('Plan-OND'!BA27:BF27) -> 0 | AP8: =SUM('Plan-OND'!BA47:BF47) -> 0 | AQ8: =SUM('Plan-OND'!BA67:BF67) -> 0 | AR8: =SUM('Plan-OND'!BG27:BM27) -> 0 | AS8: =SUM('Plan-OND'!BH47:BM47) -> 0 | AT8: =SUM('Plan-OND'!BH67:BM67) -> 71 | AU8: =SUM('Plan-OND'!BO27:BT27) -> 67 | AV8: =SUM('Plan-OND'!BK47:BP47) -> 0 | AW8: =SUM('Plan-OND'!BO67:BT67) -> 0 | AX8: =SUM('Plan-OND'!BV27:CA27) -> 0 | AY8: =SUM('Plan-OND'!BV47:CA47) -> 0 | AZ8: =SUM('Plan-OND'!BV67:CA67) -> 0 | BA8: =SUM('Plan-OND'!CC27:CH27) -> 0 | BB8: =SUM('Plan-OND'!CC47:CH47) -> 0 | BC8: =SUM('Plan-OND'!CC67:CH67) -> 0 | BD8: =SUM('Plan-OND'!CI27:CP27) -> 150 | BE8: =SUM('Plan-OND'!CI47:CP47) -> 0 | BF8: =SUM('Plan-OND'!CI67:CP67) -> 0 | BG8: =SUM('Plan-OND'!CQ27:CS27)+SUM('Plan-JFM'!G31:H31) -> 100 | BH8: =SUM('Plan-OND'!CQ47:CS47) -> 0 | BI8: =SUM('Plan-OND'!CQ67:CS67)+SUM('Plan-JFM'!G75:H75) -> 0 | BJ8: =SUM('Plan-JFM'!J31:O31) -> 0 | BK8: =SUM('Plan-OND'!CT47:CV47) -> 0 | BL8: =SUM('Plan-JFM'!J75:O75) -> 0 | BM8: =SUM('Plan-JFM'!Q31:W31) -> 0 | BN8: =SUM('Plan-OND'!CW47:CY47) -> 0 | BO8: =SUM('Plan-JFM'!Q75:W75) -> 0 | BP8: =SUM('Plan-JFM'!X31:AC31) -> 250 | BQ8: =SUM('Plan-JFM'!X53:AC53) -> 0 | BR8: =SUM('Plan-JFM'!Y75:AD75) -> 0
A9: Elara 90 | B9: =SUM('Plan-JAS'!AA14:AF14) -> 500 | C9: =SUM('Plan-JAS'!Z33:AF33) -> 0 | D9: =SUM('Plan-JAS'!AA52:AF52) -> 0 | E9: =SUM('Plan-JAS'!AG14:AM14) -> 0 | F9: =SUM('Plan-JAS'!AG33:AM33) -> 200 | G9: =SUM('Plan-JAS'!AG52:AM52) -> 0 | H9: =SUM('Plan-JAS'!AN14:AT14) -> 0 | I9: =SUM('Plan-JAS'!AO33:AT33) -> 300 | J9: =SUM('Plan-JAS'!AN52:AT52) -> 50 | K9: =SUM('Plan-JAS'!AU14:BB14) -> 0 | L9: =SUM('Plan-JAS'!AU33:BB33) -> 0 | M9: =SUM('Plan-JAS'!AU52:BB52) -> 350 | N9: =SUM('Plan-JAS'!BC14:BI14) -> 0 | O9: =SUM('Plan-JAS'!BC33:BI33) -> 0 | P9: =SUM('Plan-JAS'!BC52:BI52) -> 0 | Q9: =SUM('Plan-JAS'!BJ14:BP14) -> 0 | R9: =SUM('Plan-JAS'!BJ33:BP33) -> 0 | S9: =SUM('Plan-JAS'!BJ52:BP52) -> 0 | T9: =SUM('Plan-JAS'!BQ14:BW14) -> 0 | U9: =SUM('Plan-JAS'!BQ33:BW33) -> 0 | V9: =SUM('Plan-JAS'!BQ52:BW52) -> 0 | W9: =SUM('Plan-JAS'!BX14:CG14) -> 0 | X9: =SUM('Plan-JAS'!BX33:CG33) -> 100 | Y9: =SUM('Plan-JAS'!BX52:CG52) -> 0 | Z9: =SUM('Plan-JAS'!CA14:CJ14) -> 0 | AA9: 0 | AB9: =SUM('Plan-JAS'!CA52:CJ52) -> 0 | AC9: =SUM('Plan-JAS'!CD14:CM14) -> 0 | AD9: 0 | AE9: =SUM('Plan-JAS'!CD52:CM52) -> 0 | AF9: =SUM('Plan-JAS'!CG14:CP14) -> 0 | AG9: 0 | AH9: =SUM('Plan-JAS'!CG52:CP52) -> 0 | AI9: =SUM('Plan-JAS'!CJ14:CS14) -> 0 | AJ9: 0 | AK9: =SUM('Plan-JAS'!CJ52:CS52) -> 0 | AL9: =SUM('Plan-JAS'!CM14:CV14) -> 0 | AM9: 0 | AN9: =SUM('Plan-JAS'!CM52:CV52) -> 0 | AO9: =SUM('Plan-OND'!BA28:BF28) -> 0 | AP9: =SUM('Plan-OND'!BA48:BF48) -> 0 | AQ9: =SUM('Plan-OND'!BA68:BF68) -> 0 | AR9: =SUM('Plan-OND'!BG28:BM28) -> 0 | AS9: =SUM('Plan-OND'!BH48:BM48) -> 0 | AT9: =SUM('Plan-OND'!BH68:BM68) -> 0 | AU9: =SUM('Plan-OND'!BO28:BT28) -> 0 | AV9: =SUM('Plan-OND'!BK48:BP48) -> 0 | AW9: =SUM('Plan-OND'!BO68:BT68) -> 50 | AX9: =SUM('Plan-OND'!BV28:CA28) -> 0 | AY9: =SUM('Plan-OND'!BV48:CA48) -> 0 | AZ9: =SUM('Plan-OND'!BV68:CA68) -> 0 | BA9: =SUM('Plan-OND'!CC28:CH28) -> 0 | BB9: =SUM('Plan-OND'!CC48:CH48) -> 0 | BC9: =SUM('Plan-OND'!CC68:CH68) -> 0 | BD9: =SUM('Plan-OND'!CI28:CP28) -> 0 | BE9: =SUM('Plan-OND'!CI48:CP48) -> 0 | BF9: =SUM('Plan-OND'!CI68:CP68) -> 0 | BG9: =SUM('Plan-OND'!CQ28:CS28)+SUM('Plan-JFM'!G32:H32) -> 250 | BH9: =SUM('Plan-OND'!CQ48:CS48) -> 0 | BI9: =SUM('Plan-OND'!CQ68:CS68)+SUM('Plan-JFM'!G76:H76) -> 0 | BJ9: =SUM('Plan-JFM'!J32:O32) -> 0 | BK9: =SUM('Plan-OND'!CT48:CV48) -> 0 | BL9: =SUM('Plan-JFM'!J76:O76) -> 0 | BM9: =SUM('Plan-JFM'!Q32:W32) -> 0 | BN9: =SUM('Plan-OND'!CW48:CY48) -> 0 | BO9: =SUM('Plan-JFM'!Q76:W76) -> 0 | BP9: =SUM('Plan-JFM'!X32:AC32) -> 250 | BQ9: =SUM('Plan-JFM'!X54:AC54) -> 0 | BR9: =SUM('Plan-JFM'!Y76:AD76) -> 0
A10: Eris 60 | B10: =SUM('Plan-JAS'!AA15:AF15) -> 0 | C10: =SUM('Plan-JAS'!Z34:AF34) -> 0 | D10: =SUM('Plan-JAS'!AA53:AF53) -> 0 | E10: =SUM('Plan-JAS'!AG15:AM15) -> 250 | F10: =SUM('Plan-JAS'!AG34:AM34) -> 0 | G10: =SUM('Plan-JAS'!AG53:AM53) -> 0 | H10: =SUM('Plan-JAS'!AN15:AT15) -> 350 | I10: =SUM('Plan-JAS'!AO34:AT34) -> 0 | J10: =SUM('Plan-JAS'!AN53:AT53) -> 0 | K10: =SUM('Plan-JAS'!AU15:BB15) -> 0 | L10: =SUM('Plan-JAS'!AU34:BB34) -> 380 | M10: =SUM('Plan-JAS'!AU53:BB53) -> 23 | N10: =SUM('Plan-JAS'!BC15:BI15) -> 0 | O10: =SUM('Plan-JAS'!BC34:BI34) -> 112 | P10: =SUM('Plan-JAS'!BC53:BI53) -> 112 | Q10: =SUM('Plan-JAS'!BJ15:BP15) -> 0 | R10: =SUM('Plan-JAS'!BJ34:BP34) -> 0 | S10: =SUM('Plan-JAS'!BJ53:BP53) -> 0 | T10: =SUM('Plan-JAS'!BQ15:BW15) -> 0 | U10: =SUM('Plan-JAS'!BQ34:BW34) -> 0 | V10: =SUM('Plan-JAS'!BQ53:BW53) -> 0 | W10: =SUM('Plan-JAS'!BX15:CG15) -> 0 | X10: =SUM('Plan-JAS'!BX34:CG34) -> 465 | Y10: =SUM('Plan-JAS'!BX53:CG53) -> 315 | Z10: =SUM('Plan-OND'!K29:Q29) -> 0 | AA10: 0 | AB10: =SUM('Plan-OND'!K69:Q69) -> 50 | AC10: =SUM('Plan-OND'!R29:X29) -> 0 | AD10: 0 | AE10: 0 | AF10: =SUM('Plan-OND'!U29:AA29) -> 0 | AG10: 0 | AH10: 0 | AI10: =SUM('Plan-OND'!X29:AD29) -> 0 | AJ10: 0 | AK10: 0 | AL10: =SUM('Plan-OND'!AA29:AG29) -> 0 | AM10: 0 | AN10: 0 | AO10: =SUM('Plan-OND'!BA29:BF29) -> 0 | AP10: =SUM('Plan-OND'!BA49:BF49) -> 0 | AQ10: =SUM('Plan-OND'!BA69:BF69) -> 0 | AR10: =SUM('Plan-OND'!BG29:BM29) -> 0 | AS10: =SUM('Plan-OND'!BH49:BM49) -> 0 | AT10: =SUM('Plan-OND'!BH69:BM69) -> 0 | AU10: =SUM('Plan-OND'!BO29:BT29) -> 162 | AV10: =SUM('Plan-OND'!BK49:BP49) -> 0 | AW10: =SUM('Plan-OND'!BO69:BT69) -> 220 | AX10: =SUM('Plan-OND'!BV29:CA29) -> 80 | AY10: =SUM('Plan-OND'!BV49:CA49) -> 0 | AZ10: =SUM('Plan-OND'!BV69:CA69) -> 0 | BA10: =SUM('Plan-OND'!CC29:CH29) -> 0 | BB10: =SUM('Plan-OND'!CC49:CH49) -> 0 | BC10: =SUM('Plan-OND'!CC69:CH69) -> 0 | BD10: =SUM('Plan-OND'!CI29:CP29) -> 0 | BE10: =SUM('Plan-OND'!CI49:CP49) -> 0 | BF10: =SUM('Plan-OND'!CI69:CP69) -> 0 | BG10: =SUM('Plan-OND'!CQ29:CS29)+SUM('Plan-JFM'!G33:H33) -> 0 | BH10: =SUM('Plan-OND'!CQ49:CS49) -> 0 | BI10: =SUM('Plan-OND'!CQ69:CS69)+SUM('Plan-JFM'!G77:H77) -> 0 | BJ10: =SUM('Plan-JFM'!J33:O33) -> 0 | BK10: =SUM('Plan-OND'!CT49:CV49) -> 0 | BL10: =SUM('Plan-JFM'!J77:O77) -> 0 | BM10: =SUM('Plan-JFM'!Q33:W33) -> 200 | BN10: =SUM('Plan-OND'!CW49:CY49) -> 0 | BO10: =SUM('Plan-JFM'!Q77:W77) -> 0 | BP10: =SUM('Plan-JFM'!X33:AC33) -> 0 | BQ10: =SUM('Plan-JFM'!X55:AC55) -> 0 | BR10: =SUM('Plan-JFM'!Y77:AD77) -> 0
A11: Eris 90 | B11: =SUM('Plan-JAS'!AA16:AF16) -> 200 | C11: =SUM('Plan-JAS'!Z35:AF35) -> 0 | D11: =SUM('Plan-JAS'!AA54:AF54) -> 0 | E11: =SUM('Plan-JAS'!AG16:AM16) -> 400 | F11: =SUM('Plan-JAS'!AG35:AM35) -> 0 | G11: =SUM('Plan-JAS'!AG54:AM54) -> 0 | H11: =SUM('Plan-JAS'!AN16:AT16) -> 0 | I11: =SUM('Plan-JAS'!AO35:AT35) -> 300 | J11: =SUM('Plan-JAS'!AN54:AT54) -> 100 | K11: =SUM('Plan-JAS'!AU16:BB16) -> 0 | L11: =SUM('Plan-JAS'!AU35:BB35) -> 0 | M11: =SUM('Plan-JAS'!AU54:BB54) -> 405 | N11: =SUM('Plan-JAS'!BC16:BI16) -> 0 | O11: =SUM('Plan-JAS'!BC35:BI35) -> 0 | P11: =SUM('Plan-JAS'!BC54:BI54) -> 0 | Q11: =SUM('Plan-JAS'!BJ16:BP16) -> 0 | R11: =SUM('Plan-JAS'!BJ35:BP35) -> 0 | S11: =SUM('Plan-JAS'!BJ54:BP54) -> 0 | T11: =SUM('Plan-JAS'!BQ16:BW16) -> 0 | U11: =SUM('Plan-JAS'!BQ35:BW35) -> 0 | V11: =SUM('Plan-JAS'!BQ54:BW54) -> 0 | W11: =SUM('Plan-JAS'!BX16:CG16) -> 0 | X11: =SUM('Plan-JAS'!BX35:CG35) -> 95 | Y11: =SUM('Plan-JAS'!BX54:CG54) -> 0 | Z11: =SUM('Plan-JAS'!CA16:CJ16) -> 0 | AA11: 0 | AB11: =SUM('Plan-JAS'!CA54:CJ54) -> 0 | AC11: =SUM('Plan-JAS'!CD16:CM16) -> 0 | AD11: 0 | AE11: =SUM('Plan-JAS'!CD54:CM54) -> 0 | AF11: =SUM('Plan-JAS'!CG16:CP16) -> 0 | AG11: 0 | AH11: =SUM('Plan-JAS'!CG54:CP54) -> 0 | AI11: =SUM('Plan-JAS'!CJ16:CS16) -> 0 | AJ11: 0 | AK11: =SUM('Plan-JAS'!CJ54:CS54) -> 0 | AL11: =SUM('Plan-JAS'!CM16:CV16) -> 0 | AM11: 0 | AN11: =SUM('Plan-JAS'!CM54:CV54) -> 0 | AO11: =SUM('Plan-OND'!BA30:BF30) -> 0 | AP11: =SUM('Plan-OND'!BA50:BF50) -> 0 | AQ11: =SUM('Plan-OND'!BA70:BF70) -> 0 | AR11: =SUM('Plan-OND'!BG30:BM30) -> 0 | AS11: =SUM('Plan-OND'!BH50:BM50) -> 0 | AT11: =SUM('Plan-OND'!BH70:BM70) -> 0 | AU11: =SUM('Plan-OND'!BO30:BT30) -> 0 | AV11: =SUM('Plan-OND'!BK50:BP50) -> 0 | AW11: =SUM('Plan-OND'!BO70:BT70) -> 0 | AX11: =SUM('Plan-OND'!BV30:CA30) -> 0 | AY11: =SUM('Plan-OND'!BV50:CA50) -> 0 | AZ11: =SUM('Plan-OND'!BV70:CA70) -> 0 | BA11: =SUM('Plan-OND'!CC30:CH30) -> 0 | BB11: =SUM('Plan-OND'!CC50:CH50) -> 0 | BC11: =SUM('Plan-OND'!CC70:CH70) -> 0 | BD11: =SUM('Plan-OND'!CI30:CP30) -> 0 | BE11: =SUM('Plan-OND'!CI50:CP50) -> 0 | BF11: =SUM('Plan-OND'!CI70:CP70) -> 0 | BG11: =SUM('Plan-OND'!CQ30:CS30)+SUM('Plan-JFM'!G34:H34) -> 0 | BH11: =SUM('Plan-OND'!CQ50:CS50) -> 0 | BI11: =SUM('Plan-OND'!CQ70:CS70)+SUM('Plan-JFM'!G78:H78) -> 0 | BJ11: =SUM('Plan-JFM'!J34:O34) -> 0 | BK11: =SUM('Plan-OND'!CT50:CV50) -> 0 | BL11: =SUM('Plan-JFM'!J78:O78) -> 0 | BM11: =SUM('Plan-JFM'!Q34:W34) -> 250 | BN11: =SUM('Plan-OND'!CW50:CY50) -> 0 | BO11: =SUM('Plan-JFM'!Q78:W78) -> 0 | BP11: =SUM('Plan-JFM'!X34:AC34) -> 0 | BQ11: =SUM('Plan-JFM'!X56:AC56) -> 0 | BR11: =SUM('Plan-JFM'!Y78:AD78) -> 0
A12: Orion | B12: =SUM('Plan-JAS'!AA17:AF17) -> 0 | C12: =SUM('Plan-JAS'!Z36:AF36) -> 0 | D12: =SUM('Plan-JAS'!AA55:AF55) -> 0 | E12: =SUM('Plan-JAS'!AG17:AM17) -> 0 | F12: =SUM('Plan-JAS'!AG36:AM36) -> 0 | G12: =SUM('Plan-JAS'!AG55:AM55) -> 0 | H12: =SUM('Plan-JAS'!AN17:AT17) -> 0 | I12: =SUM('Plan-JAS'!AO36:AT36) -> 0 | J12: =SUM('Plan-JAS'!AN55:AT55) -> 0 | K12: =SUM('Plan-JAS'!AU17:BB17) -> 0 | L12: =SUM('Plan-JAS'!AU36:BB36) -> 0 | M12: =SUM('Plan-JAS'!AU55:BB55) -> 0 | N12: =SUM('Plan-JAS'!BC17:BI17) -> 0 | O12: =SUM('Plan-JAS'!BC36:BI36) -> 108 | P12: =SUM('Plan-JAS'!BC55:BI55) -> 39 | Q12: =SUM('Plan-JAS'!BJ17:BP17) -> 320 | R12: =SUM('Plan-JAS'!BJ36:BP36) -> 281 | S12: =SUM('Plan-JAS'!BJ55:BP55) -> 191 | T12: =SUM('Plan-JAS'!BQ17:BW17) -> 0 | U12: =SUM('Plan-JAS'!BQ36:BW36) -> 30 | V12: =SUM('Plan-JAS'!BQ55:BW55) -> 30 | W12: =SUM('Plan-JAS'!BX17:CG17) -> 0 | X12: =SUM('Plan-JAS'!BX36:CG36) -> 60 | Y12: =SUM('Plan-JAS'!BX55:CG55) -> 60 | Z12: =SUM('Plan-JAS'!CA17:CJ17) -> 0 | AA12: 0 | AB12: 0 | AC12: =SUM('Plan-JAS'!CD17:CM17) -> 0 | AD12: 0 | AE12: 0 | AF12: =SUM('Plan-JAS'!CG17:CP17) -> 0 | AG12: 0 | AH12: 0 | AI12: =SUM('Plan-JAS'!CJ17:CS17) -> 0 | AJ12: 0 | AK12: 0 | AL12: =SUM('Plan-OND'!AT31:AY31) -> 244 | AM12: 0 | AN12: 0 | AO12: =SUM('Plan-OND'!BA31:BF31) -> 80 | AP12: =SUM('Plan-OND'!BA51:BF51) -> 240 | AQ12: =SUM('Plan-OND'!BA71:BF71) -> 190 | AR12: =SUM('Plan-OND'!BG31:BM31) -> 104 | AS12: =SUM('Plan-OND'!BH51:BM51) -> 0 | AT12: =SUM('Plan-OND'!BH71:BM71) -> 61 | AU12: =SUM('Plan-OND'!BO31:BT31) -> 40 | AV12: =SUM('Plan-OND'!BK51:BP51) -> 0 | AW12: =SUM('Plan-OND'!BO71:BT71) -> 40 | AX12: =SUM('Plan-OND'!BV31:CA31) -> 0 | AY12: =SUM('Plan-OND'!BV51:CA51) -> 0 | AZ12: =SUM('Plan-OND'!BV71:CA71) -> 0 | BA12: =SUM('Plan-OND'!CC31:CH31) -> 33 | BB12: =SUM('Plan-OND'!CC51:CH51) -> 0 | BC12: =SUM('Plan-OND'!CC71:CH71) -> 0 | BD12: =SUM('Plan-OND'!CI31:CP31) -> 0 | BE12: =SUM('Plan-OND'!CI51:CP51) -> 0 | BF12: =SUM('Plan-OND'!CI71:CP71) -> 30 | BG12: =SUM('Plan-OND'!CQ31:CS31)+SUM('Plan-JFM'!G35:H35) -> 0 | BH12: =SUM('Plan-OND'!CQ51:CS51) -> 0 | BI12: =SUM('Plan-OND'!CQ71:CS71)+SUM('Plan-JFM'!G79:H79) -> 0 | BJ12: =SUM('Plan-JFM'!J35:O35) -> 0 | BK12: =SUM('Plan-OND'!CT51:CV51) -> 0 | BL12: =SUM('Plan-JFM'!J79:O79) -> 0 | BM12: =SUM('Plan-JFM'!Q35:W35) -> 300 | BN12: =SUM('Plan-OND'!CW51:CY51) -> 0 | BO12: =SUM('Plan-JFM'!Q79:W79) -> 54 | BP12: =SUM('Plan-JFM'!X35:AC35) -> 24 | BQ12: =SUM('Plan-JFM'!X57:AC57) -> 0 | BR12: =SUM('Plan-JFM'!Y79:AD79) -> 40
A13: Dorado 3B | B13: =SUM('Plan-JAS'!AA9:AF9) -> 0 | C13: =SUM('Plan-JAS'!Z28:AF28) -> 150 | D13: =SUM('Plan-JAS'!AA47:AF47) -> 50 | E13: =SUM('Plan-JAS'!AG9:AM9) -> 0 | F13: =SUM('Plan-JAS'!AG28:AM28) -> 100 | G13: =SUM('Plan-JAS'!AG47:AM47) -> 92 | H13: =SUM('Plan-JAS'!AN9:AT9) -> 800 | I13: =SUM('Plan-JAS'!AO28:AT28) -> 0 | J13: =SUM('Plan-JAS'!AN47:AT47) -> 0 | K13: =SUM('Plan-JAS'!AU9:BB9) -> 0 | L13: =SUM('Plan-JAS'!AU28:BB28) -> 0 | M13: =SUM('Plan-JAS'!AU47:BB47) -> 21 | N13: =SUM('Plan-JAS'!BC9:BI9) -> 0 | O13: =SUM('Plan-JAS'!BC28:BI28) -> 580 | P13: =SUM('Plan-JAS'!BC47:BI47) -> 252 | Q13: =SUM('Plan-JAS'!BJ9:BP9) -> 0 | R13: =SUM('Plan-JAS'!BJ28:BP28) -> 300 | S13: =SUM('Plan-JAS'!BJ47:BP47) -> 314 | T13: =SUM('Plan-JAS'!BQ9:BW9) -> 0 | U13: =SUM('Plan-JAS'!BQ28:BW28) -> 213 | V13: =SUM('Plan-JAS'!BQ47:BW47) -> 181 | W13: =SUM('Plan-JAS'!BX9:CG9) -> 0 | X13: =SUM('Plan-JAS'!BX28:CG28) -> 40 | Y13: =SUM('Plan-JAS'!BX47:CG47) -> 29 | Z13: =SUM('Plan-JAS'!CA9:CJ9) -> 0 | AA13: 0 | AB13: 0 | AC13: =SUM('Plan-OND'!R32:X32) -> 300 | AD13: 0 | AE13: =SUM('Plan-OND'!R72:X72) -> 300 | AF13: =SUM('Plan-OND'!U32:AA32) -> 0 | AG13: 0 | AH13: 0 | AI13: =SUM('Plan-OND'!AM32:AS32) -> 300 | AJ13: 0 | AK13: =SUM('Plan-OND'!AM72:AS72) -> 300 | AL13: 0 | AM13: 0 | AN13: 0 | AO13: =SUM('Plan-OND'!BA32:BF32) -> 0 | AP13: =SUM('Plan-OND'!BA52:BF52) -> 0 | AQ13: =SUM('Plan-OND'!BA72:BF72) -> 0 | AR13: =SUM('Plan-OND'!BG32:BM32) -> 0 | AS13: =SUM('Plan-OND'!BH52:BM52) -> 0 | AT13: =SUM('Plan-OND'!BH72:BM72) -> 0 | AU13: =SUM('Plan-OND'!BO32:BT32) -> 0 | AV13: =SUM('Plan-OND'!BK52:BP52) -> 0 | AW13: =SUM('Plan-OND'!BO72:BT72) -> 0 | AX13: =SUM('Plan-OND'!BV32:CA32) -> 0 | AY13: =SUM('Plan-OND'!BV52:CA52) -> 0 | AZ13: =SUM('Plan-OND'!BV72:CA72) -> 20 | BA13: =SUM('Plan-OND'!CC32:CH32) -> 200 | BB13: =SUM('Plan-OND'!CC52:CH52) -> 0 | BC13: =SUM('Plan-OND'!CC72:CH72) -> 103 | BD13: =SUM('Plan-OND'!CI32:CP32) -> 0 | BE13: =SUM('Plan-OND'!CI52:CP52) -> 50 | BF13: =SUM('Plan-OND'!CI72:CP72) -> 9 | BG13: =SUM('Plan-OND'!CQ32:CS32)+SUM('Plan-JFM'!G36:H36) -> 0 | BH13: =SUM('Plan-OND'!CQ52:CS52) -> 0 | BI13: =SUM('Plan-OND'!CQ72:CS72)+SUM('Plan-JFM'!G80:H80) -> 18 | BJ13: =SUM('Plan-JFM'!J36:O36) -> 20 | BK13: =SUM('Plan-OND'!CT52:CV52) -> 0 | BL13: =SUM('Plan-JFM'!J80:O80) -> 0 | BM13: =SUM('Plan-JFM'!Q36:W36) -> 0 | BN13: =SUM('Plan-OND'!CW52:CY52) -> 0 | BO13: =SUM('Plan-JFM'!Q80:W80) -> 20 | BP13: =SUM('Plan-JFM'!X36:AC36) -> 300 | BQ13: =SUM('Plan-JFM'!X58:AC58) -> 250 | BR13: =SUM('Plan-JFM'!Y80:AD80) -> 19
A14: Dorado 4B | B14: =SUM('Plan-JAS'!AA10:AF10) -> 0 | C14: =SUM('Plan-JAS'!Z29:AF29) -> 150 | D14: =SUM('Plan-JAS'!AA48:AF48) -> 80 | E14: =SUM('Plan-JAS'!AG10:AM10) -> 0 | F14: =SUM('Plan-JAS'!AG29:AM29) -> 100 | G14: =SUM('Plan-JAS'!AG48:AM48) -> 64 | H14: =SUM('Plan-JAS'!AN10:AT10) -> 900 | I14: =SUM('Plan-JAS'!AO29:AT29) -> 0 | J14: =SUM('Plan-JAS'!AN48:AT48) -> 0 | K14: =SUM('Plan-JAS'!AU10:BB10) -> 700 | L14: =SUM('Plan-JAS'!AU29:BB29) -> 0 | M14: =SUM('Plan-JAS'!AU48:BB48) -> 26 | N14: =SUM('Plan-JAS'!BC10:BI10) -> 0 | O14: =SUM('Plan-JAS'!BC29:BI29) -> 1436 | P14: =SUM('Plan-JAS'!BC48:BI48) -> 954 | Q14: =SUM('Plan-JAS'!BJ10:BP10) -> 0 | R14: =SUM('Plan-JAS'!BJ29:BP29) -> 325 | S14: =SUM('Plan-JAS'!BJ48:BP48) -> 400 | T14: =SUM('Plan-JAS'!BQ10:BW10) -> 0 | U14: =SUM('Plan-JAS'!BQ29:BW29) -> 209 | V14: =SUM('Plan-JAS'!BQ48:BW48) -> 197 | W14: =SUM('Plan-JAS'!BX10:CG10) -> 0 | X14: =SUM('Plan-JAS'!BX29:CG29) -> 49 | Y14: =SUM('Plan-JAS'!BX48:CG48) -> 25 | Z14: =SUM('Plan-JAS'!CA10:CJ10) -> 0 | AA14: 0 | AB14: 0 | AC14: =SUM('Plan-OND'!R33:X33) -> 600 | AD14: 0 | AE14: =SUM('Plan-OND'!R73:X73) -> 150 | AF14: 0 | AG14: 0 | AH14: =SUM('Plan-OND'!Y73:AE73) -> 450 | AI14: =SUM('Plan-OND'!AM33:AS33) -> 400 | AJ14: 0 | AK14: =SUM('Plan-OND'!AM73:AS73) -> 345 | AL14: =SUM('Plan-OND'!AT33:AY33) -> 100 | AM14: 0 | AN14: =SUM('Plan-OND'!AT73:AY73) -> 155 | AO14: =SUM('Plan-OND'!BA33:BF33) -> 0 | AP14: =SUM('Plan-OND'!BA53:BF53) -> 0 | AQ14: =SUM('Plan-OND'!BA73:BF73) -> 32 | AR14: =SUM('Plan-OND'!BG33:BM33) -> 0 | AS14: =SUM('Plan-OND'!BH53:BM53) -> 0 | AT14: =SUM('Plan-OND'!BH73:BM73) -> 50 | AU14: =SUM('Plan-OND'!BO33:BT33) -> 0 | AV14: =SUM('Plan-OND'!BK53:BP53) -> 0 | AW14: =SUM('Plan-OND'!BO73:BT73) -> 0 | AX14: =SUM('Plan-OND'!BV33:CA33) -> 0 | AY14: =SUM('Plan-OND'!BV53:CA53) -> 0 | AZ14: =SUM('Plan-OND'!BV73:CA73) -> 19 | BA14: =SUM('Plan-OND'!CC33:CH33) -> 500 | BB14: =SUM('Plan-OND'!CC53:CH53) -> 0 | BC14: =SUM('Plan-OND'!CC73:CH73) -> 175 | BD14: =SUM('Plan-OND'!CI33:CP33) -> 0 | BE14: =SUM('Plan-OND'!CI53:CP53) -> 399 | BF14: =SUM('Plan-OND'!CI73:CP73) -> 82 | BG14: =SUM('Plan-OND'!CQ33:CS33)+SUM('Plan-JFM'!G37:H37) -> 0 | BH14: =SUM('Plan-OND'!CQ53:CS53) -> 0 | BI14: =SUM('Plan-OND'!CQ73:CS73)+SUM('Plan-JFM'!G81:H81) -> 0 | BJ14: =SUM('Plan-JFM'!J37:O37) -> 142 | BK14: =SUM('Plan-OND'!CT53:CV53) -> 0 | BL14: =SUM('Plan-JFM'!J81:O81) -> 0 | BM14: =SUM('Plan-JFM'!Q37:W37) -> 0 | BN14: =SUM('Plan-OND'!CW53:CY53) -> 0 | BO14: =SUM('Plan-JFM'!Q81:W81) -> 142 | BP14: =SUM('Plan-JFM'!X37:AC37) -> 600 | BQ14: =SUM('Plan-JFM'!X59:AC59) -> 0 | BR14: =SUM('Plan-JFM'!Y81:AD81) -> 41
A15: Dorado Premium | B15: =SUM('Plan-JAS'!AA12:AF12) -> 0 | C15: =SUM('Plan-JAS'!Z31:AF31) -> 0 | D15: =SUM('Plan-JAS'!AA50:AF50) -> 0 | E15: =SUM('Plan-JAS'!AG12:AM12) -> 0 | F15: =SUM('Plan-JAS'!AG31:AM31) -> 0 | G15: =SUM('Plan-JAS'!AG50:AM50) -> 0 | H15: =SUM('Plan-JAS'!AN12:AT12) -> 0 | I15: =SUM('Plan-JAS'!AO31:AT31) -> 0 | J15: =SUM('Plan-JAS'!AN50:AT50) -> 0 | K15: =SUM('Plan-JAS'!AU12:BB12) -> 370 | L15: =SUM('Plan-JAS'!AU31:BB31) -> 500 | M15: =SUM('Plan-JAS'!AU50:BB50) -> 286 | N15: =SUM('Plan-JAS'!BC12:BI12) -> 280 | O15: =SUM('Plan-JAS'!BC31:BI31) -> 90 | P15: =SUM('Plan-JAS'!BC50:BI50) -> 91 | Q15: =SUM('Plan-JAS'!BJ12:BP12) -> 0 | R15: =SUM('Plan-JAS'!BJ31:BP31) -> 274 | S15: =SUM('Plan-JAS'!BJ50:BP50) -> 211 | T15: =SUM('Plan-JAS'!BQ12:BW12) -> 0 | U15: =SUM('Plan-JAS'!BQ31:BW31) -> 62 | V15: =SUM('Plan-JAS'!BQ50:BW50) -> 0 | W15: =SUM('Plan-JAS'!BX12:CG12) -> 0 | X15: =SUM('Plan-JAS'!BX31:CG31) -> 62 | Y15: =SUM('Plan-JAS'!BX50:CG50) -> 62 | Z15: =SUM('Plan-JAS'!CA12:CJ12) -> 0 | AA15: =SUM('Plan-JAS'!CA31:CJ31) -> 0 | AB15: 0 | AC15: =SUM('Plan-JAS'!CD12:CM12) -> 0 | AD15: =SUM('Plan-JAS'!CD31:CM31) -> 0 | AE15: 0 | AF15: =SUM('Plan-JAS'!CG12:CP12) -> 0 | AG15: =SUM('Plan-JAS'!CG31:CP31) -> 0 | AH15: 0 | AI15: =SUM('Plan-JAS'!CJ12:CS12) -> 0 | AJ15: =SUM('Plan-JAS'!CJ31:CS31) -> 0 | AK15: 0 | AL15: =SUM('Plan-JAS'!CM12:CV12) -> 0 | AM15: =SUM('Plan-JAS'!CM31:CV31) -> 0 | AN15: 0 | AO15: =SUM('Plan-OND'!BA34:BF34) -> 600 | AP15: =SUM('Plan-OND'!BA54:BF54) -> 70 | AQ15: =SUM('Plan-OND'!BA74:BF74) -> 0 | AR15: =SUM('Plan-OND'!BG34:BM34) -> 700 | AS15: =SUM('Plan-OND'!BH54:BM54) -> 0 | AT15: =SUM('Plan-OND'!BH74:BM74) -> 230 | AU15: =SUM('Plan-OND'!BO34:BT34) -> 420 | AV15: =SUM('Plan-OND'!BK54:BP54) -> 0 | AW15: =SUM('Plan-OND'!BO74:BT74) -> 212 | AX15: =SUM('Plan-OND'!BV34:CA34) -> 605 | AY15: =SUM('Plan-OND'!BV54:CA54) -> 450 | AZ15: =SUM('Plan-OND'!BV74:CA74) -> 280 | BA15: =SUM('Plan-OND'!CC34:CH34) -> 0 | BB15: =SUM('Plan-OND'!CC54:CH54) -> 500 | BC15: =SUM('Plan-OND'!CC74:CH74) -> 205 | BD15: =SUM('Plan-OND'!CI34:CP34) -> 0 | BE15: =SUM('Plan-OND'!CI54:CP54) -> 0 | BF15: =SUM('Plan-OND'!CI74:CP74) -> 3 | BG15: =SUM('Plan-OND'!CQ34:CS34)+SUM('Plan-JFM'!G38:H38) -> 0 | BH15: =SUM('Plan-OND'!CQ54:CS54) -> 0 | BI15: =SUM('Plan-OND'!CQ74:CS74)+SUM('Plan-JFM'!G82:H82) -> 0 | BJ15: =SUM('Plan-JFM'!J38:O38) -> 200 | BK15: =SUM('Plan-OND'!CT54:CV54) -> 0 | BL15: =SUM('Plan-JFM'!J82:O82) -> 0 | BM15: =SUM('Plan-JFM'!Q38:W38) -> 75 | BN15: =SUM('Plan-OND'!CW54:CY54) -> 0 | BO15: =SUM('Plan-JFM'!Q82:W82) -> 6 | BP15: =SUM('Plan-JFM'!X38:AC38) -> 100 | BQ15: =SUM('Plan-JFM'!X60:AC60) -> 269 | BR15: =SUM('Plan-JFM'!Y82:AD82) -> 248
A16: Solaria 3B | B16: =SUM('Plan-JAS'!AA18:AF18) -> 0 | C16: =SUM('Plan-JAS'!Z37:AF37) -> 0 | D16: =SUM('Plan-JAS'!AA56:AF56) -> 0 | E16: =SUM('Plan-JAS'!AG18:AM18) -> 0 | F16: =SUM('Plan-JAS'!AG37:AM37) -> 0 | G16: =SUM('Plan-JAS'!AG56:AM56) -> 0 | H16: =SUM('Plan-JAS'!AN18:AT18) -> 0 | I16: =SUM('Plan-JAS'!AO37:AT37) -> 0 | J16: =SUM('Plan-JAS'!AN56:AT56) -> 0 | K16: =SUM('Plan-JAS'!AU18:BB18) -> 0 | L16: =SUM('Plan-JAS'!AU37:BB37) -> 0 | M16: =SUM('Plan-JAS'!AU56:BB56) -> 0 | N16: =SUM('Plan-JAS'!BC18:BI18) -> 0 | O16: =SUM('Plan-JAS'!BC37:BI37) -> 0 | P16: =SUM('Plan-JAS'!BC56:BI56) -> 0 | Q16: =SUM('Plan-JAS'!BJ18:BP18) -> 0 | R16: =SUM('Plan-JAS'!BJ37:BP37) -> 0 | S16: =SUM('Plan-JAS'!BJ56:BP56) -> 0 | T16: =SUM('Plan-JAS'!BQ18:BW18) -> 0 | U16: =SUM('Plan-JAS'!BQ37:BW37) -> 0 | V16: =SUM('Plan-JAS'!BQ56:BW56) -> 0 | W16: =SUM('Plan-JAS'!BX18:CG18) -> 0 | X16: =SUM('Plan-JAS'!BX37:CG37) -> 0 | Y16: =SUM('Plan-JAS'!BX56:CG56) -> 0 | Z16: =SUM('Plan-JAS'!CA18:CJ18) -> 0 | AA16: =SUM('Plan-JAS'!CA37:CJ37) -> 0 | AB16: =SUM('Plan-JAS'!CA56:CJ56) -> 0 | AC16: =SUM('Plan-JAS'!CD18:CM18) -> 0 | AD16: =SUM('Plan-JAS'!CD37:CM37) -> 0 | AE16: =SUM('Plan-JAS'!CD56:CM56) -> 0 | AF16: =SUM('Plan-JAS'!CG18:CP18) -> 0 | AG16: =SUM('Plan-JAS'!CG37:CP37) -> 0 | AH16: =SUM('Plan-JAS'!CG56:CP56) -> 0 | AI16: =SUM('Plan-JAS'!CJ18:CS18) -> 0 | AJ16: =SUM('Plan-JAS'!CJ37:CS37) -> 0 | AK16: =SUM('Plan-JAS'!CJ56:CS56) -> 0 | AL16: =SUM('Plan-JAS'!CM18:CV18) -> 0 | AM16: =SUM('Plan-JAS'!CM37:CV37) -> 0 | AN16: =SUM('Plan-JAS'!CM56:CV56) -> 0 | AO16: =SUM('Plan-OND'!BA35:BF35) -> 0 | AP16: =SUM('Plan-OND'!BA55:BF55) -> 0 | AQ16: =SUM('Plan-OND'!BA75:BF75) -> 0 | AR16: =SUM('Plan-OND'!BG35:BM35) -> 0 | AS16: =SUM('Plan-OND'!BH55:BM55) -> 0 | AT16: =SUM('Plan-OND'!BH75:BM75) -> 0 | AU16: =SUM('Plan-OND'!BO35:BT35) -> 0 | AV16: =SUM('Plan-OND'!BK55:BP55) -> 0 | AW16: =SUM('Plan-OND'!BO75:BT75) -> 0 | AX16: =SUM('Plan-OND'!BV35:CA35) -> 0 | AY16: =SUM('Plan-OND'!BV55:CA55) -> 0 | AZ16: =SUM('Plan-OND'!BV75:CA75) -> 0 | BA16: =SUM('Plan-OND'!CC35:CH35) -> 0 | BB16: =SUM('Plan-OND'!CC55:CH55) -> 0 | BC16: =SUM('Plan-OND'!CC75:CH75) -> 0 | BD16: =SUM('Plan-OND'!CI35:CP35) -> 480 | BE16: =SUM('Plan-OND'!CI55:CP55) -> 0 | BF16: =SUM('Plan-OND'!CI75:CP75) -> 0 | BG16: =SUM('Plan-OND'!CQ35:CS35)+SUM('Plan-JFM'!G39:H39) -> 0 | BH16: =SUM('Plan-OND'!CQ55:CS55) -> 0 | BI16: =SUM('Plan-OND'!CQ75:CS75)+SUM('Plan-JFM'!G83:H83) -> 0 | BJ16: =SUM('Plan-JFM'!J39:O39) -> 200 | BK16: =SUM('Plan-OND'!CT55:CV55) -> 0 | BL16: =SUM('Plan-JFM'!J83:O83) -> 0 | BM16: =SUM('Plan-JFM'!Q39:W39) -> 300 | BN16: =SUM('Plan-OND'!CW55:CY55) -> 0 | BO16: =SUM('Plan-JFM'!Q83:W83) -> 0 | BP16: =SUM('Plan-JFM'!X39:AC39) -> 125 | BQ16: =SUM('Plan-JFM'!X61:AC61) -> 250 | BR16: =SUM('Plan-JFM'!Y83:AD83) -> 88
A17: Solaria 4B | B17: =SUM('Plan-JAS'!AA19:AF19) -> 0 | C17: =SUM('Plan-JAS'!Z38:AF38) -> 0 | D17: =SUM('Plan-JAS'!AA57:AF57) -> 0 | E17: =SUM('Plan-JAS'!AG19:AM19) -> 0 | F17: =SUM('Plan-JAS'!AG38:AM38) -> 0 | G17: =SUM('Plan-JAS'!AG57:AM57) -> 0 | H17: =SUM('Plan-JAS'!AN19:AT19) -> 150 | I17: =SUM('Plan-JAS'!AO38:AT38) -> 0 | J17: =SUM('Plan-JAS'!AN57:AT57) -> 0 | K17: =SUM('Plan-JAS'!AU19:BB19) -> 0 | L17: =SUM('Plan-JAS'!AU38:BB38) -> 0 | M17: =SUM('Plan-JAS'!AU57:BB57) -> 0 | N17: =SUM('Plan-JAS'!BC19:BI19) -> 0 | O17: =SUM('Plan-JAS'!BC38:BI38) -> 0 | P17: =SUM('Plan-JAS'!BC57:BI57) -> 0 | Q17: =SUM('Plan-JAS'!BJ19:BP19) -> 0 | R17: =SUM('Plan-JAS'!BJ38:BP38) -> 0 | S17: =SUM('Plan-JAS'!BJ57:BP57) -> 0 | T17: =SUM('Plan-JAS'!BQ19:BW19) -> 0 | U17: =SUM('Plan-JAS'!BQ38:BW38) -> 130 | V17: =SUM('Plan-JAS'!BQ57:BW57) -> 0 | W17: =SUM('Plan-JAS'!BX19:CG19) -> 0 | X17: =SUM('Plan-JAS'!BX38:CG38) -> 120 | Y17: =SUM('Plan-JAS'!BX57:CG57) -> 120 | Z17: =SUM('Plan-JAS'!CA19:CJ19) -> 0 | AA17: =SUM('Plan-JAS'!CA38:CJ38) -> 0 | AB17: 0 | AC17: =SUM('Plan-JAS'!CD19:CM19) -> 0 | AD17: =SUM('Plan-JAS'!CD38:CM38) -> 0 | AE17: 0 | AF17: =SUM('Plan-JAS'!CG19:CP19) -> 0 | AG17: =SUM('Plan-JAS'!CG38:CP38) -> 0 | AH17: 0 | AI17: =SUM('Plan-JAS'!CJ19:CS19) -> 0 | AJ17: =SUM('Plan-JAS'!CJ38:CS38) -> 0 | AK17: 0 | AL17: =SUM('Plan-JAS'!CM19:CV19) -> 0 | AM17: =SUM('Plan-JAS'!CM38:CV38) -> 0 | AN17: 0 | AO17: =SUM('Plan-OND'!BA36:BF36) -> 0 | AP17: =SUM('Plan-OND'!BA56:BF56) -> 0 | AQ17: =SUM('Plan-OND'!BA76:BF76) -> 0 | AR17: =SUM('Plan-OND'!BG36:BM36) -> 0 | AS17: =SUM('Plan-OND'!BH56:BM56) -> 0 | AT17: =SUM('Plan-OND'!BH76:BM76) -> 0 | AU17: =SUM('Plan-OND'!BO36:BT36) -> 30 | AV17: =SUM('Plan-OND'!BK56:BP56) -> 0 | AW17: =SUM('Plan-OND'!BO76:BT76) -> 0 | AX17: =SUM('Plan-OND'!BV36:CA36) -> 0 | AY17: =SUM('Plan-OND'!BV56:CA56) -> 0 | AZ17: =SUM('Plan-OND'!BV76:CA76) -> 0 | BA17: =SUM('Plan-OND'!CC36:CH36) -> 0 | BB17: =SUM('Plan-OND'!CC56:CH56) -> 0 | BC17: =SUM('Plan-OND'!CC76:CH76) -> 23 | BD17: =SUM('Plan-OND'!CI36:CP36) -> 300 | BE17: =SUM('Plan-OND'!CI56:CP56) -> 0 | BF17: =SUM('Plan-OND'!CI76:CP76) -> 7 | BG17: =SUM('Plan-OND'!CQ36:CS36)+SUM('Plan-JFM'!G40:H40) -> 360 | BH17: =SUM('Plan-OND'!CQ56:CS56) -> 0 | BI17: =SUM('Plan-OND'!CQ76:CS76)+SUM('Plan-JFM'!G84:H84) -> 0 | BJ17: =SUM('Plan-JFM'!J40:O40) -> 300 | BK17: =SUM('Plan-OND'!CT56:CV56) -> 0 | BL17: =SUM('Plan-JFM'!J84:O84) -> 70 | BM17: =SUM('Plan-JFM'!Q40:W40) -> 300 | BN17: =SUM('Plan-OND'!CW56:CY56) -> 0 | BO17: =SUM('Plan-JFM'!Q84:W84) -> 55 | BP17: =SUM('Plan-JFM'!X40:AC40) -> 350 | BQ17: =SUM('Plan-JFM'!X62:AC62) -> 200 | BR17: =SUM('Plan-JFM'!Y84:AD84) -> 51
A18: Zyra | B18: =SUM('Plan-JAS'!AA20:AF20) -> 0 | C18: =SUM('Plan-JAS'!Z39:AF39) -> 0 | D18: =SUM('Plan-JAS'!AA58:AF58) -> 0 | E18: =SUM('Plan-JAS'!AG20:AM20) -> 210 | F18: =SUM('Plan-JAS'!AG39:AM39) -> 0 | G18: =SUM('Plan-JAS'!AG58:AM58) -> 0 | H18: =SUM('Plan-JAS'!AN20:AT20) -> 80 | I18: =SUM('Plan-JAS'!AO39:AT39) -> 0 | J18: =SUM('Plan-JAS'!AN58:AT58) -> 0 | K18: =SUM('Plan-JAS'!AU20:BB20) -> 0 | L18: =SUM('Plan-JAS'!AU39:BB39) -> 0 | M18: =SUM('Plan-JAS'!AU58:BB58) -> 0 | N18: =SUM('Plan-JAS'!BC20:BI20) -> 0 | O18: =SUM('Plan-JAS'!BC39:BI39) -> 0 | P18: =SUM('Plan-JAS'!BC58:BI58) -> 0 | Q18: =SUM('Plan-JAS'!BJ20:BP20) -> 0 | R18: =SUM('Plan-JAS'!BJ39:BP39) -> 0 | S18: =SUM('Plan-JAS'!BJ58:BP58) -> 0 | T18: =SUM('Plan-JAS'!BQ20:BW20) -> 0 | U18: =SUM('Plan-JAS'!BQ39:BW39) -> 200 | V18: =SUM('Plan-JAS'!BQ58:BW58) -> 0 | W18: =SUM('Plan-JAS'!BX20:CG20) -> 0 | X18: =SUM('Plan-JAS'!BX39:CG39) -> 290 | Y18: =SUM('Plan-JAS'!BX58:CG58) -> 220 | Z18: =SUM('Plan-JAS'!CA20:CJ20) -> 0 | AA18: 0 | AB18: 0 | AC18: =SUM('Plan-JAS'!CD20:CM20) -> 0 | AD18: 0 | AE18: 0 | AF18: =SUM('Plan-JAS'!CG20:CP20) -> 0 | AG18: 0 | AH18: 0 | AI18: =SUM('Plan-JAS'!CJ20:CS20) -> 0 | AJ18: 0 | AK18: 0 | AL18: =SUM('Plan-JAS'!CM20:CV20) -> 0 | AM18: 0 | AN18: 0 | AO18: =SUM('Plan-OND'!BA37:BF37) -> 0 | AP18: =SUM('Plan-OND'!BA57:BF57) -> 0 | AQ18: =SUM('Plan-OND'!BA77:BF77) -> 0 | AR18: =SUM('Plan-OND'!BG37:BM37) -> 0 | AS18: =SUM('Plan-OND'!BH57:BM57) -> 0 | AT18: =SUM('Plan-OND'!BH77:BM77) -> 0 | AU18: =SUM('Plan-OND'!BO37:BT37) -> 0 | AV18: =SUM('Plan-OND'!BK57:BP57) -> 0 | AW18: =SUM('Plan-OND'!BO77:BT77) -> 0 | AX18: =SUM('Plan-OND'!BV37:CA37) -> 70 | AY18: =SUM('Plan-OND'!BV57:CA57) -> 0 | AZ18: =SUM('Plan-OND'!BV77:CA77) -> 0 | BA18: =SUM('Plan-OND'!CC37:CH37) -> 0 | BB18: =SUM('Plan-OND'!CC57:CH57) -> 0 | BC18: =SUM('Plan-OND'!CC77:CH77) -> 0 | BD18: =SUM('Plan-OND'!CI37:CP37) -> 0 | BE18: =SUM('Plan-OND'!CI57:CP57) -> 0 | BF18: =SUM('Plan-OND'!CI77:CP77) -> 40 | BG18: =SUM('Plan-OND'!CQ37:CS37)+SUM('Plan-JFM'!G41:H41) -> 0 | BH18: =SUM('Plan-OND'!CQ57:CS57) -> 0 | BI18: =SUM('Plan-OND'!CQ77:CS77)+SUM('Plan-JFM'!G85:H85) -> 0 | BJ18: =SUM('Plan-JFM'!J41:O41) -> 0 | BK18: =SUM('Plan-OND'!CT57:CV57) -> 0 | BL18: =SUM('Plan-JFM'!J85:O85) -> 0 | BM18: =SUM('Plan-JFM'!Q41:W41) -> 0 | BN18: =SUM('Plan-OND'!CW57:CY57) -> 0 | BO18: =SUM('Plan-JFM'!Q85:W85) -> 0 | BP18: =SUM('Plan-JFM'!X41:AC41) -> 0 | BQ18: =SUM('Plan-JFM'!X63:AC63) -> 0 | BR18: =SUM('Plan-JFM'!Y85:AD85) -> 0
A19: Auriga 3B | B19: =SUM('Plan-JAS'!AA6:AF6) -> 450 | C19: =SUM('Plan-JAS'!Z25:AF25) -> 350 | D19: =SUM('Plan-JAS'!AA44:AF44) -> 112 | E19: =SUM('Plan-JAS'!AG6:AM6) -> 25 | F19: =SUM('Plan-JAS'!AG25:AM25) -> 300 | G19: =SUM('Plan-JAS'!AG44:AM44) -> 0 | H19: =SUM('Plan-JAS'!AN6:AT6) -> 0 | I19: =SUM('Plan-JAS'!AO25:AT25) -> 300 | J19: =SUM('Plan-JAS'!AN44:AT44) -> 200 | K19: =SUM('Plan-JAS'!AU6:BB6) -> 0 | L19: =SUM('Plan-JAS'!AU25:BB25) -> 127 | M19: =SUM('Plan-JAS'!AU44:BB44) -> 0 | N19: =SUM('Plan-JAS'!BC6:BI6) -> 0 | O19: =SUM('Plan-JAS'!BC25:BI25) -> 0 | P19: =SUM('Plan-JAS'!BC44:BI44) -> 0 | Q19: =SUM('Plan-JAS'!BJ6:BP6) -> 0 | R19: =SUM('Plan-JAS'!BJ25:BP25) -> 0 | S19: =SUM('Plan-JAS'!BJ44:BP44) -> 0 | T19: =SUM('Plan-JAS'!BQ6:BW6) -> 0 | U19: =SUM('Plan-JAS'!BQ25:BW25) -> 0 | V19: =SUM('Plan-JAS'!BQ44:BW44) -> 0 | W19: =SUM('Plan-JAS'!BX6:CG6) -> 0 | X19: =SUM('Plan-JAS'!BX25:CG25) -> 0 | Y19: =SUM('Plan-JAS'!BX44:CG44) -> 0 | Z19: =SUM('Plan-OND'!K38:Q38) -> 250 | AA19: =SUM('Plan-JAS'!CA25:CJ25) -> 0 | AB19: =SUM('Plan-OND'!K78:Q78) -> 138 | AC19: 0 | AD19: =SUM('Plan-JAS'!CD25:CM25) -> 0 | AE19: =SUM('Plan-OND'!R78:X78) -> 112 | AF19: 0 | AG19: =SUM('Plan-JAS'!CG25:CP25) -> 0 | AH19: =SUM('Plan-OND'!U78:AA78) -> 0 | AI19: 0 | AJ19: =SUM('Plan-JAS'!CJ25:CS25) -> 0 | AK19: =SUM('Plan-OND'!X78:AD78) -> 0 | AL19: 0 | AM19: =SUM('Plan-JAS'!CM25:CV25) -> 0 | AN19: =SUM('Plan-OND'!AA78:AG78) -> 0 | AO19: =SUM('Plan-OND'!BA38:BF38) -> 0 | AP19: =SUM('Plan-OND'!BA58:BF58) -> 0 | AQ19: =SUM('Plan-OND'!BA78:BF78) -> 0 | AR19: =SUM('Plan-OND'!BG38:BM38) -> 0 | AS19: =SUM('Plan-OND'!BH58:BM58) -> 0 | AT19: =SUM('Plan-OND'!BH78:BM78) -> 0 | AU19: =SUM('Plan-OND'!BO38:BT38) -> 0 | AV19: =SUM('Plan-OND'!BK58:BP58) -> 0 | AW19: =SUM('Plan-OND'!BO78:BT78) -> 0 | AX19: =SUM('Plan-OND'!BV38:CA38) -> 0 | AY19: =SUM('Plan-OND'!BV58:CA58) -> 0 | AZ19: =SUM('Plan-OND'!BV78:CA78) -> 0 | BA19: =SUM('Plan-OND'!CC38:CH38) -> 0 | BB19: =SUM('Plan-OND'!CC58:CH58) -> 0 | BC19: =SUM('Plan-OND'!CC78:CH78) -> 0 | BD19: =SUM('Plan-OND'!CI38:CP38) -> 0 | BE19: =SUM('Plan-OND'!CI58:CP58) -> 0 | BF19: =SUM('Plan-OND'!CI78:CP78) -> 0 | BG19: =SUM('Plan-OND'!CQ38:CS38)+SUM('Plan-JFM'!G42:H42) -> 0 | BH19: =SUM('Plan-OND'!CQ58:CS58) -> 0 | BI19: =SUM('Plan-OND'!CQ78:CS78)+SUM('Plan-JFM'!G86:H86) -> 0 | BJ19: =SUM('Plan-JFM'!J42:O42) -> 0 | BK19: =SUM('Plan-OND'!CT58:CV58) -> 0 | BL19: =SUM('Plan-JFM'!J86:O86) -> 0 | BM19: =SUM('Plan-JFM'!Q42:W42) -> 0 | BN19: =SUM('Plan-OND'!CW58:CY58) -> 0 | BO19: =SUM('Plan-JFM'!Q86:W86) -> 0 | BP19: =SUM('Plan-JFM'!X42:AC42) -> 200 | BQ19: =SUM('Plan-JFM'!X64:AC64) -> 0 | BR19: =SUM('Plan-JFM'!Y86:AD86) -> 0
A20: Auriga 4B | B20: =SUM('Plan-JAS'!AA7:AF7) -> 450 | C20: =SUM('Plan-JAS'!Z26:AF26) -> 350 | D20: =SUM('Plan-JAS'!AA45:AF45) -> 0 | E20: =SUM('Plan-JAS'!AG7:AM7) -> 25 | F20: =SUM('Plan-JAS'!AG26:AM26) -> 400 | G20: =SUM('Plan-JAS'!AG45:AM45) -> 111 | H20: =SUM('Plan-JAS'!AN7:AT7) -> 0 | I20: =SUM('Plan-JAS'!AO26:AT26) -> 300 | J20: =SUM('Plan-JAS'!AN45:AT45) -> 301 | K20: =SUM('Plan-JAS'!AU7:BB7) -> 0 | L20: =SUM('Plan-JAS'!AU26:BB26) -> 28 | M20: =SUM('Plan-JAS'!AU45:BB45) -> 0 | N20: =SUM('Plan-JAS'!BC7:BI7) -> 0 | O20: =SUM('Plan-JAS'!BC26:BI26) -> 0 | P20: =SUM('Plan-JAS'!BC45:BI45) -> 0 | Q20: =SUM('Plan-JAS'!BJ7:BP7) -> 0 | R20: =SUM('Plan-JAS'!BJ26:BP26) -> 0 | S20: =SUM('Plan-JAS'!BJ45:BP45) -> 0 | T20: =SUM('Plan-JAS'!BQ7:BW7) -> 0 | U20: =SUM('Plan-JAS'!BQ26:BW26) -> 0 | V20: =SUM('Plan-JAS'!BQ45:BW45) -> 0 | W20: =SUM('Plan-JAS'!BX7:CG7) -> 0 | X20: =SUM('Plan-JAS'!BX26:CG26) -> 0 | Y20: =SUM('Plan-JAS'!BX45:CG45) -> 0 | Z20: =SUM('Plan-OND'!K39:Q39) -> 150 | AA20: =SUM('Plan-JAS'!CA26:CJ26) -> 0 | AB20: =SUM('Plan-OND'!K79:Q79) -> 239 | AC20: =SUM('Plan-OND'!R39:X39) -> 100 | AD20: =SUM('Plan-JAS'!CD26:CM26) -> 0 | AE20: =SUM('Plan-OND'!R79:X79) -> 11 | AF20: =SUM('Plan-OND'!U39:AA39) -> 0 | AG20: =SUM('Plan-JAS'!CG26:CP26) -> 0 | AH20: =SUM('Plan-OND'!U79:AA79) -> 0 | AI20: =SUM('Plan-OND'!X39:AD39) -> 0 | AJ20: =SUM('Plan-JAS'!CJ26:CS26) -> 0 | AK20: =SUM('Plan-OND'!X79:AD79) -> 0 | AL20: =SUM('Plan-OND'!AA39:AG39) -> 0 | AM20: =SUM('Plan-JAS'!CM26:CV26) -> 0 | AN20: =SUM('Plan-OND'!AA79:AG79) -> 0 | AO20: =SUM('Plan-OND'!BA39:BF39) -> 0 | AP20: =SUM('Plan-OND'!BA59:BF59) -> 0 | AQ20: =SUM('Plan-OND'!BA79:BF79) -> 0 | AR20: =SUM('Plan-OND'!BG39:BM39) -> 0 | AS20: =SUM('Plan-OND'!BH59:BM59) -> 0 | AT20: =SUM('Plan-OND'!BH79:BM79) -> 0 | AU20: =SUM('Plan-OND'!BO39:BT39) -> 0 | AV20: =SUM('Plan-OND'!BK59:BP59) -> 0 | AW20: =SUM('Plan-OND'!BO79:BT79) -> 0 | AX20: =SUM('Plan-OND'!BV39:CA39) -> 0 | AY20: =SUM('Plan-OND'!BV59:CA59) -> 0 | AZ20: =SUM('Plan-OND'!BV79:CA79) -> 0 | BA20: =SUM('Plan-OND'!CC39:CH39) -> 0 | BB20: =SUM('Plan-OND'!CC59:CH59) -> 0 | BC20: =SUM('Plan-OND'!CC79:CH79) -> 0 | BD20: =SUM('Plan-OND'!CI39:CP39) -> 0 | BE20: =SUM('Plan-OND'!CI59:CP59) -> 0 | BF20: =SUM('Plan-OND'!CI79:CP79) -> 0 | BG20: =SUM('Plan-OND'!CQ39:CS39)+SUM('Plan-JFM'!G43:H43) -> 0 | BH20: =SUM('Plan-OND'!CQ59:CS59) -> 0 | BI20: =SUM('Plan-OND'!CQ79:CS79)+SUM('Plan-JFM'!G87:H87) -> 0 | BJ20: =SUM('Plan-JFM'!J43:O43) -> 0 | BK20: =SUM('Plan-OND'!CT59:CV59) -> 0 | BL20: =SUM('Plan-JFM'!J87:O87) -> 0 | BM20: =SUM('Plan-JFM'!Q43:W43) -> 0 | BN20: =SUM('Plan-OND'!CW59:CY59) -> 0 | BO20: =SUM('Plan-JFM'!Q87:W87) -> 0 | BP20: =SUM('Plan-JFM'!X43:AC43) -> 200 | BQ20: =SUM('Plan-JFM'!X65:AC65) -> 0 | BR20: =SUM('Plan-JFM'!Y87:AD87) -> 0
A21: Asteria 60 BLDC | B21: =SUM('Plan-JAS'!AA11:AF11) -> 0 | C21: =SUM('Plan-JAS'!Z30:AF30) -> 0 | D21: =SUM('Plan-JAS'!AA49:AF49) -> 0 | E21: =SUM('Plan-JAS'!AG11:AM11) -> 0 | F21: 0 | G21: =SUM('Plan-JAS'!AG49:AM49) -> 0 | H21: =SUM('Plan-JAS'!AN11:AT11) -> 0 | I21: =SUM('Plan-JAS'!AO30:AT30) -> 0 | J21: 0 | K21: =SUM('Plan-JAS'!AU11:BB11) -> 0 | L21: =SUM('Plan-JAS'!AU30:BB30) -> 0 | M21: =SUM('Plan-JAS'!AU49:BB49) -> 0 | N21: =SUM('Plan-JAS'!BC11:BI11) -> 0 | O21: =SUM('Plan-JAS'!BC30:BI30) -> 0 | P21: =SUM('Plan-JAS'!BC49:BI49) -> 0 | Q21: =SUM('Plan-JAS'!BJ11:BP11) -> 0 | R21: =SUM('Plan-JAS'!BJ30:BP30) -> 0 | S21: =SUM('Plan-JAS'!BJ49:BP49) -> 0 | T21: =SUM('Plan-JAS'!BQ11:BW11) -> 0 | U21: =SUM('Plan-JAS'!BQ30:BW30) -> 0 | V21: =SUM('Plan-JAS'!BQ49:BW49) -> 0 | W21: =SUM('Plan-JAS'!BX11:CG11) -> 0 | X21: 0 | Y21: 0 | Z21: =SUM('Plan-JAS'!CA11:CJ11) -> 0 | AA21: =SUM('Plan-JAS'!CA30:CJ30) -> 0 | AB21: 0 | AC21: =SUM('Plan-JAS'!CD11:CM11) -> 0 | AD21: =SUM('Plan-JAS'!CD30:CM30) -> 0 | AE21: 0 | AF21: =SUM('Plan-JAS'!CG11:CP11) -> 0 | AG21: =SUM('Plan-JAS'!CG30:CP30) -> 0 | AH21: 0 | AI21: =SUM('Plan-JAS'!CJ11:CS11) -> 0 | AJ21: =SUM('Plan-JAS'!CJ30:CS30) -> 0 | AK21: 0 | AL21: =SUM('Plan-JAS'!CM11:CV11) -> 0 | AM21: =SUM('Plan-JAS'!CM30:CV30) -> 0 | AN21: 0 | AO21: =SUM('Plan-OND'!BA40:BF40) -> 0 | AP21: =SUM('Plan-OND'!BA60:BF60) -> 0 | AQ21: =SUM('Plan-OND'!BA80:BF80) -> 0 | AR21: =SUM('Plan-OND'!BG40:BM40) -> 0 | AS21: =SUM('Plan-OND'!BH60:BM60) -> 0 | AT21: =SUM('Plan-OND'!BH80:BM80) -> 0 | AU21: =SUM('Plan-OND'!BO40:BT40) -> 50 | AV21: =SUM('Plan-OND'!BK60:BP60) -> 0 | AW21: =SUM('Plan-OND'!BO80:BT80) -> 0 | AX21: =SUM('Plan-OND'!BV40:CA40) -> 0 | AY21: =SUM('Plan-OND'!BV60:CA60) -> 50 | AZ21: =SUM('Plan-OND'!BV80:CA80) -> 0 | BA21: =SUM('Plan-OND'!CC40:CH40) -> 0 | BB21: =SUM('Plan-OND'!CC60:CH60) -> 50 | BC21: =SUM('Plan-OND'!CC80:CH80) -> 0 | BD21: =SUM('Plan-OND'!CI40:CP40) -> 0 | BE21: =SUM('Plan-OND'!CI60:CP60) -> 0 | BF21: =SUM('Plan-OND'!CI80:CP80) -> 50 | BG21: =SUM('Plan-OND'!CQ40:CS40)+SUM('Plan-JFM'!G44:H44) -> 0 | BH21: =SUM('Plan-OND'!CQ60:CS60) -> 0 | BI21: =SUM('Plan-OND'!CQ80:CS80)+SUM('Plan-JFM'!G88:H88) -> 0 | BJ21: =SUM('Plan-JFM'!J44:O44) -> 50 | BK21: =SUM('Plan-OND'!CT60:CV60) -> 0 | BL21: =SUM('Plan-JFM'!J88:O88) -> 30 | BM21: =SUM('Plan-JFM'!Q44:W44) -> 0 | BN21: =SUM('Plan-OND'!CW60:CY60) -> 0 | BO21: =SUM('Plan-JFM'!Q88:W88) -> 6 | BP21: =SUM('Plan-JFM'!X44:AC44) -> 0 | BQ21: =SUM('Plan-JFM'!X66:AC66) -> 0 | BR21: =SUM('Plan-JFM'!Y88:AD88) -> 0
A22: Asteria 90 BLDC | AU22: =SUM('Plan-OND'!BO41:BT41) -> 50 | AV22: 0 | AW22: =SUM('Plan-OND'!BO81:BT81) -> 0 | AX22: =SUM('Plan-OND'!BV41:CA41) -> 0 | AY22: =SUM('Plan-OND'!BV61:CA61) -> 50 | AZ22: =SUM('Plan-OND'!BV81:CA81) -> 0 | BA22: =SUM('Plan-OND'!CC41:CH41) -> 0 | BB22: =SUM('Plan-OND'!CC61:CH61) -> 50 | BC22: =SUM('Plan-OND'!CC81:CH81) -> 0 | BD22: =SUM('Plan-OND'!CI41:CP41) -> 0 | BE22: =SUM('Plan-OND'!CI61:CP61) -> 0 | BF22: =SUM('Plan-OND'!CI81:CP81) -> 50 | BG22: =SUM('Plan-OND'!CQ41:CS41)+SUM('Plan-JFM'!G45:H45) -> 0 | BH22: =SUM('Plan-OND'!CQ61:CS61) -> 0 | BI22: =SUM('Plan-OND'!CQ81:CS81)+SUM('Plan-JFM'!G89:H89) -> 0 | BJ22: =SUM('Plan-JFM'!J45:O45) -> 50 | BK22: =SUM('Plan-OND'!CT61:CV61) -> 0 | BL22: =SUM('Plan-JFM'!J89:O89) -> 30 | BM22: =SUM('Plan-JFM'!Q45:W45) -> 0 | BN22: =SUM('Plan-OND'!CW61:CY61) -> 0 | BO22: =SUM('Plan-JFM'!Q89:W89) -> 10 | BP22: =SUM('Plan-JFM'!X45:AC45) -> 0 | BQ22: =SUM('Plan-JFM'!X67:AC67) -> 0 | BR22: =SUM('Plan-JFM'!Y89:AD89) -> 0
A23: TOTAL | B23: =SUM(B3:B33) -> 2393 | C23: =SUM(C3:C33) -> 2313 | D23: =SUM(D3:D33) -> 741 | E23: =SUM(E3:E33) -> 1160 | F23: =SUM(F3:F33) -> 2434 | G23: =SUM(G3:G33) -> 1094 | H23: =SUM(H3:H33) -> 3580 | I23: =SUM(I3:I33) -> 2316 | ... V23: =SUM(V3:V33) -> 829 | W23: =SUM('Plan-JAS'!BX21:CG21) -> 0 | X23: =SUM(X3:X33) -> 1595 | Y23: =SUM(Y3:Y33) -> 856 | Z23: =SUM(Z3:Z33) -> 400 | AA23: =SUM(AA3:AA33) -> 0 | AB23: =SUM(AB3:AB33) -> 447 | AC23: =SUM(AC3:AC33) -> 1000 | AD23: =SUM(AD3:AD33) -> 0 | AE23: =SUM(AE3:AE33) -> 593 | ... AN23: =SUM(AN3:AN33) -> 235 | AO23: =SUM(AO3:AO21) -> 1880 | AP23: =SUM(AP3:AP21) -> 1282 | AQ23: =SUM(AQ3:AQ21) -> 631 | AR23: =SUM(AR3:AR21) -> 1531 | AS23: =SUM(AS3:AS21) -> 0 | AT23: =SUM(AT3:AT21) -> 852 | AU23: =SUM(AU3:AU21) -> 1276 | AV23: =SUM(AV3:AV21) -> 0 | ... BA23: =SUM(BA3:BA21) -> 2083 | BB23: =SUM(BB3:BB22) -> 1400 | BC23: =SUM(BC3:BC21) -> 816 | BD23: =SUM(BD3:BD21) -> 1930 | BE23: =SUM(BE3:BE22) -> 2049 | BF23: =SUM(BF3:BF22) -> 1075 | BG23: =SUM(BG3:BG21) -> 1410 | BH23: =SUM(BH3:BH22) -> 0 | BI23: =SUM(BI3:BI22) -> 1131 | BJ23: =SUM(BJ3:BJ22) -> 2121 | BK23: =SUM(BK3:BK22) -> 0 | BL23: =SUM(BL3:BL22) -> 638 | BM23: =SUM(BM3:BM22) -> 2225 | BN23: =SUM(BN3:BN22) -> 0 | BO23: =SUM(BO3:BO22) -> 537 | ... BR23: =SUM(BR3:BR22) -> 1001
A25: % of completion | D25: =D23/C23% -> 32.036316 | G25: =G23/F23% -> 44.94659 | J25: =J23/I23% -> 57.556131 | M25: =M23/L23% -> 78.282154 | P25: =P23/O23% -> 57.834016 | S25: =S23/R23% -> 88.250653 | V25: =V23/U23% -> 63.671275 | Y25: =Y23/X23% -> 53.667712 | AB25: =AB23/Z23% -> 111.75 | AE25: =AE23/AC23% -> 59.3 | AH25: =AH23/AF23% -> 235 | AK25: =AK23/AI23% -> 52.8125 | AN25: =AN23/AL23% -> 17.485119 | AQ25: =AQ23/AP23% -> 49.219969 | AT25: =AT23/AR23% -> 55.649902 | AW25: =AW23/AU23% -> 61.833856 | AZ25: =AZ23/AY23% -> 44.214286 | BC25: =BC23/BB23% -> 58.285714 | BF25: =BF23/BE23% -> 52.464617 | BI25: =BI23/BG23% -> 80.212766 | BL25: =BL23/BJ23% -> 30.080151 | BO25: =BO23/BM23% -> 24.134831 | BR25: =BR23/BQ23% -> 74.813154

Sheet COGS - Temp
A1: Sl. No | B1: Products | C1: cat 1 | D1: cat 2 | E1: 21st Century | F1: FK | G1: PRIMARC | H1: DAWNTECH | I1: RETAILEZ | J1: Online Avg | K1: Offline Ag | L1: AVERAGE | M1: Target ASP | N1: TARGET GM% | O1: TARGET COGS | P1: CURRENT COGS | Q1: CURRENT GM% | S1: Delta GM% | T1: surplus /loss | U1: COGS | V1: WC | W1: Remarks
A2: 8 | B2: Elara 90 | C2: chimney | D2: ai | E2: =(M2/1.18)/1.18 -> 11490.233 | G2: =(M2/1.133)/1.18 -> 11966.88 | H2: =(M2/1.17)/1.18 -> 11588.44 | J2: =AVERAGE(E2:I2) -> 11681.851 | K2: 11174.576 | L2: =AVERAGE(E2:K2) -> 11580.396 | M2: 15999 | N2: 0.6 | O2: 6400 | P2: 8815 | Q2: =(L2-P2)/L2 -> 0.23879977 | R2: =100%-Q2 -> 0.76120023 | S2: =Q2-N2 -> -0.36120023 | T2: =O2-P2 -> -2415 | U2: =IF(Q2>=50%,"GO","NO GO") -> NO GO | V2: 20% Advance, 80% PDC @ 30 days | W2: H is updated for JFM
A3: 2 | B3: Auriga 4B | C3: stove | D3: stove | F3: =(M3/1.13)/1.18 -> 7499.625 | G3: =(M3/1.138)/1.18 -> 7446.9036 | I3: =(M3/1.123)/1.18 -> 7546.3725 | J3: =AVERAGE(E3:I3) -> 7497.6337 | K3: 6778.8136 | L3: =AVERAGE(E3:K3) -> 7353.8697 | M3: 10000 | N3: 0.6 | O3: 4000 | P3: 5472 | Q3: =(L3-P3)/L3 -> 0.25590196 | R3: =100%-Q3 -> 0.74409804 | S3: =Q3-N3 -> -0.34409804 | T3: =O3-P3 -> -1472 | U3: =IF(Q3>=50%,"GO","NO GO") -> NO GO | V3: 20% Advance, 80% PDC @ 30 days
A4: 15 | B4: Orion | C4: chimney | D4: android | E4: =(M4/1.18)/1.18 -> 20468.256 | G4: =(M4/1.133)/1.18 -> 21317.337 | H4: =(M4/1.17)/1.18 -> 20643.199 | J4: =AVERAGE(E4:I4) -> 20809.597 | K4: 19825.424 | L4: =AVERAGE(E4:K4) -> 20612.762 | M4: 28500 | N4: 0.6 | O4: 12000 | P4: 15333 | Q4: =(L4-P4)/L4 -> 0.25614046 | R4: =100%-Q4 -> 0.74385954 | S4: =Q4-N4 -> -0.34385954 | T4: =O4-P4 -> -3333 | U4: =IF(Q4>=50%,"GO","NO GO") -> NO GO | V4: 20% Advance, 80% PDC @ 30 days
A5: 5 | B5: Elara 60 | C5: chimney | D5: ai | E5: =(M5/1.18)/1.18 -> 10772.048 | G5: =(M5/1.133)/1.18 -> 11218.903 | H5: =(M5/1.17)/1.18 -> 10864.117 | J5: =AVERAGE(E5:I5) -> 10951.689 | K5: 10453.39 | L5: =AVERAGE(E5:K5) -> 10852.029 | M5: 14999 | N5: 0.6 | O5: 6000 | P5: 7827 | Q5: =(L5-P5)/L5 -> 0.27875242 | R5: =100%-Q5 -> 0.72124758 | S5: =Q5-N5 -> -0.32124758 | T5: =O5-P5 -> -1827 | U5: =IF(Q5>=50%,"GO","NO GO") -> NO GO | V5: 20% Advance, 80% PDC @ 30 days | W5: H is updated for JFM
A6: 18 | B6: Solario 4B | C6: stove | D6: hobtop | F6: =(M6/1.13)/1.18 -> 10874.456 | G6: =(M6/1.138)/1.18 -> 10798.01 | I6: =(M6/1.123)/1.18 -> 10942.24 | J6: =AVERAGE(E6:I6) -> 10871.569 | K6: 9132 | L6: =AVERAGE(E6:K6) -> 10523.655 | M6: 14500 | N6: 0.6 | O6: 5800 | P6: 7487 | Q6: =(L6-P6)/L6 -> 0.28855517 | R6: =100%-Q6 -> 0.71144483 | S6: =Q6-N6 -> -0.31144483 | T6: =O6-P6 -> -1687 | U6: =IF(Q6>=50%,"GO","NO GO") -> NO GO | V6: 20% Advance, 80% PDC @ 30 days | W6: H is updated for December
A7: 1 | B7: Auriga 3B | C7: stove | D7: stove | F7: =(M7/1.13)/1.18 -> 6749.6625 | G7: =(M7/1.138)/1.18 -> 6702.2132 | I7: =(M7/1.123)/1.18 -> 6791.7352 | J7: =AVERAGE(E7:I7) -> 6747.8703 | K7: 6065.2542 | L7: =AVERAGE(E7:K7) -> 6611.3471 | M7: 9000 | N7: 0.6 | O7: 3600 | P7: 4692 | Q7: =(L7-P7)/L7 -> 0.29031105 | R7: =100%-Q7 -> 0.70968895 | S7: =Q7-N7 -> -0.30968895 | T7: =O7-P7 -> -1092 | U7: =IF(Q7>=50%,"GO","NO GO") -> NO GO | V7: 20% Advance, 80% PDC @ 30 days
A8: 19 | B8: Asteria 60 | C8: chimney | D8: BLDC android | E8: =(M8/1.18)/1.18 -> 14004.596 | G8: =(M8/1.133)/1.18 -> 14585.546 | H8: =(M8/1.17)/1.18 -> 14124.294 | J8: =AVERAGE(E8:I8) -> 14238.145 | L8: =AVERAGE(E8:K8) -> 14238.145 | M8: 19500 | N8: 0.6 | O8: =M8*(100%-N8) -> 7800 | P8: =9964-35 -> 9929 | Q8: =(L8-P8)/L8 -> 0.30264794 | R8: =100%-Q8 -> 0.69735206 | S8: =Q8-N8 -> -0.29735206 | T8: =O8-P8 -> -2129 | U8: =IF(Q8>=50%,"GO","NO GO") -> NO GO | V8: 20% Advance, 80% PDC @ 30 days | W8: H is updated for December Sample
A9: 9 | B9: Dorado 4B | C9: stove | D9: hobtop | F9: =(M9/1.13)/1.18 -> 13124.344 | G9: =(M9/1.138)/1.18 -> 13032.081 | I9: =(M9/1.123)/1.18 -> 13206.152 | J9: =AVERAGE(E9:I9) -> 13120.859 | K9: 12255.932 | L9: =AVERAGE(E9:K9) -> 12947.874 | M9: 17500 | N9: 0.6 | O9: 7000 | P9: 8936 | Q9: =(L9-P9)/L9 -> 0.30984807 | R9: =100%-Q9 -> 0.69015193 | S9: =Q9-N9 -> -0.29015193 | T9: =O9-P9 -> -1936 | U9: =IF(Q9>=50%,"GO","NO GO") -> NO GO | V9: 30 Days PDC | W9: H is updated for JFM
A10: 4 | B10: Arista 60 | C10: chimney | D10: ai | E10: =(M10/1.18)/1.18 -> 10413.674 | G10: =(M10/1.133)/1.18 -> 10845.662 | H10: =(M10/1.17)/1.18 -> 10502.68 | J10: =AVERAGE(E10:I10) -> 10587.339 | K10: 9948.3051 | L10: =AVERAGE(E10:K10) -> 10459.532 | M10: 14500 | N10: 0.6 | O10: 5800 | P10: 7197 | Q10: =(L10-P10)/L10 -> 0.31191951 | R10: =100%-Q10 -> 0.68808049 | S10: =Q10-N10 -> -0.28808049 | T10: =O10-P10 -> -1397 | U10: =IF(Q10>=50%,"GO","NO GO") -> NO GO | V10: 20% Advance, 80% PDC @ 30 days | W10: H is updated for December & Jan
A11: 20 | B11: Asteria 90 | C11: chimney | D11: BLDC android | E11: =(M11/1.18)/1.18 -> 14722.063 | G11: =(M11/1.133)/1.18 -> 15332.775 | H11: =(M11/1.17)/1.18 -> 14847.892 | J11: =AVERAGE(E11:I11) -> 14967.577 | L11: =AVERAGE(E11:K11) -> 14967.577 | M11: 20499 | N11: 0.6 | O11: =M11*(100%-N11) -> 8199.6 | P11: =10239-35 -> 10204 | Q11: =(L11-P11)/L11 -> 0.31825971 | R11: =100%-Q11 -> 0.68174029 | S11: =Q11-N11 -> -0.28174029 | T11: =O11-P11 -> -2004.4 | U11: =IF(Q11>=50%,"GO","NO GO") -> NO GO | V11: 20% Advance, 80% PDC @ 30 days | W11: H is updated for December Sample
A12: 6 | B12: Arista 90 | C12: chimney | D12: ai | E12: =(M12/1.18)/1.18 -> 11131.859 | G12: =(M12/1.133)/1.18 -> 11593.639 | H12: =(M12/1.17)/1.18 -> 11227.003 | J12: =AVERAGE(E12:I12) -> 11317.5 | K12: 10806.78 | L12: =AVERAGE(E12:K12) -> 11215.356 | M12: 15500 | N12: 0.6 | O12: 6200 | P12: 7471 | Q12: =(L12-P12)/L12 -> 0.33385976 | R12: =100%-Q12 -> 0.66614024 | S12: =Q12-N12 -> -0.26614024 | T12: =O12-P12 -> -1271 | U12: =IF(Q12>=50%,"GO","NO GO") -> NO GO | V12: 20% Advance, 80% PDC @ 30 days | W12: H is updated for December & Jan
A13: 13 | B13: Eris 90 | C13: chimney | D13: android | E13: =(M13/1.18)/1.18 -> 14363.689 | G13: =(M13/1.133)/1.18 -> 14959.534 | H13: =(M13/1.17)/1.18 -> 14486.455 | J13: =AVERAGE(E13:I13) -> 14603.226 | K13: 14057.627 | L13: =AVERAGE(E13:K13) -> 14494.106 | M13: 20000 | N13: 0.6 | O13: 8000 | P13: 9575 | Q13: =(L13-P13)/L13 -> 0.33938666 | R13: =100%-Q13 -> 0.66061334 | S13: =Q13-N13 -> -0.26061334 | T13: =O13-P13 -> -1575 | U13: =IF(Q13>=50%,"GO","NO GO") -> NO GO | V13: 20% Advance, 80% PDC @ 30 days | W13: H is updated for JFM
A14: 10 | B14: Asteria 60 | C14: chimney | D14: android | E14: =(M14/1.18)/1.18 -> 12927.32 | G14: =(M14/1.133)/1.18 -> 13463.581 | H14: =(M14/1.17)/1.18 -> 13037.81 | J14: =AVERAGE(E14:I14) -> 13142.903 | K14: 12435.593 | L14: =AVERAGE(E14:K14) -> 13001.441 | M14: 18000 | N14: 0.6 | O14: 7000 | P14: =8518-35 -> 8483 | Q14: =(L14-P14)/L14 -> 0.34753388 | R14: =100%-Q14 -> 0.65246612 | S14: =Q14-N14 -> -0.25246612 | T14: =O14-P14 -> -1483 | U14: =IF(Q14>=50%,"GO","NO GO") -> NO GO | V14: 20% Advance, 80% PDC @ 30 days | W14: H is updated for JFM
A15: 7 | B15: Dorado 3B | C15: stove | D15: hobtop | F15: =(M15/1.13)/1.18 -> 11624.419 | G15: =(M15/1.138)/1.18 -> 11542.701 | I15: =(M15/1.123)/1.18 -> 11696.877 | J15: =AVERAGE(E15:I15) -> 11621.332 | K15: 11066.102 | L15: =AVERAGE(E15:K15) -> 11510.286 | M15: 15500 | N15: 0.6 | O15: 6200 | P15: 7509 | Q15: =(L15-P15)/L15 -> 0.34762699 | R15: =100%-Q15 -> 0.65237301 | S15: =Q15-N15 -> -0.25237301 | T15: =O15-P15 -> -1309 | U15: =IF(Q15>=50%,"GO","NO GO") -> NO GO | V15: 30 Days PDC | W15: H is updated for JFM
A16: 17 | B16: Solario 3B | C16: stove | D16: hobtop | F16: =(M16/1.13)/1.18 -> 10124.494 | G16: =(M16/1.138)/1.18 -> 10053.32 | I16: =(M16/1.123)/1.18 -> 10187.603 | J16: =AVERAGE(E16:I16) -> 10121.805 | K16: 9133.0508 | L16: =AVERAGE(E16:K16) -> 9924.0545 | M16: 13500 | N16: 0.6 | O16: 5400 | P16: 6402 | Q16: =(L16-P16)/L16 -> 0.35490076 | R16: =100%-Q16 -> 0.64509924 | S16: =Q16-N16 -> -0.24509924 | T16: =O16-P16 -> -1002 | U16: =IF(Q16>=50%,"GO","NO GO") -> NO GO | V16: 20% Advance, 80% PDC @ 30 days | W16: H is updated for December
A17: 11 | B17: Eris 60 | C17: chimney | D17: android | E17: =(M17/1.18)/1.18 -> 13645.504 | G17: =(M17/1.133)/1.18 -> 14211.558 | H17: =(M17/1.17)/1.18 -> 13762.132 | J17: =AVERAGE(E17:I17) -> 13873.065 | K17: 13337.288 | L17: =AVERAGE(E17:K17) -> 13765.909 | M17: 19000 | N17: 0.6 | O17: 7500 | P17: 8589 | Q17: =(L17-P17)/L17 -> 0.37606738 | R17: =100%-Q17 -> 0.62393262 | S17: =Q17-N17 -> -0.22393262 | T17: =O17-P17 -> -1089 | U17: =IF(Q17>=50%,"GO","NO GO") -> NO GO | V17: 20% Advance, 80% PDC @ 30 days | W17: H is updated for JFM
A18: 12 | B18: Asteria 90 | C18: chimney | D18: android | E18: =(M18/1.18)/1.18 -> 14004.596 | G18: =(M18/1.133)/1.18 -> 14585.546 | H18: =(M18/1.17)/1.18 -> 14124.294 | J18: =AVERAGE(E18:I18) -> 14238.145 | K18: 13516.949 | L18: =AVERAGE(E18:K18) -> 14093.906 | M18: 19500 | N18: 0.6 | O18: 7800 | P18: =8793-35 -> 8758 | Q18: =(L18-P18)/L18 -> 0.37859669 | R18: =100%-Q18 -> 0.62140331 | S18: =Q18-N18 -> -0.22140331 | T18: =O18-P18 -> -958 | U18: =IF(Q18>=50%,"GO","NO GO") -> NO GO | V18: 20% Advance, 80% PDC @ 30 days | W18: H is updated for JFM
A19: 14 | B19: Altair | C19: stove | D19: hob | F19: =(M19/1.13)/1.18 -> 19124.044 | G19: =(M19/1.138)/1.18 -> 18989.604 | I19: =(M19/1.123)/1.18 -> 19243.25 | J19: =AVERAGE(E19:I19) -> 19118.966 | K19: 17122.034 | L19: =AVERAGE(E19:K19) -> 18719.579 | M19: 25500 | N19: 0.6 | O19: 10700 | P19: 11200 | Q19: =(L19-P19)/L19 -> 0.40169596 | R19: =100%-Q19 -> 0.59830404 | S19: =Q19-N19 -> -0.19830404 | T19: =O19-P19 -> -500 | U19: =IF(Q19>=50%,"GO","NO GO") -> NO GO | V19: 30 Days PDC | W19: H is updated for Nov & Dec
A20: 3 | B20: Cube | C20: chimney | D20: cube | E20: =(M20/1.18)/1.18 -> 9695.4898 | G20: =(M20/1.133)/1.18 -> 10097.686 | H20: =(M20/1.17)/1.18 -> 9778.3572 | J20: =AVERAGE(E20:I20) -> 9857.1776 | K20: 8918.6441 | L20: =AVERAGE(E20:K20) -> 9669.4709 | M20: 13500 | N20: 0.6 | O20: 4300 | P20: 4957 | Q20: =(L20-P20)/L20 -> 0.48735561 | R20: =100%-Q20 -> 0.51264439 | S20: =Q20-N20 -> -0.11264439 | T20: =O20-P20 -> -657 | U20: =IF(Q20>=50%,"GO","NO GO") -> NO GO | V20: 20% Advance, 80% PDC @ 30 days
A21: 16 | B21: Zyra | C21: stove | D21: hob | F21: =(M21/1.13)/1.18 -> 31497.675 | G21: =(M21/1.138)/1.18 -> 31276.25 | I21: =(M21/1.123)/1.18 -> 31694.01 | J21: =AVERAGE(E21:I21) -> 31489.312 | K21: 28116.102 | L21: =AVERAGE(E21:K21) -> 30814.67 | M21: 41999 | N21: 0.6 | O21: 10500 | P21: 10500 | Q21: =(L21-P21)/L21 -> 0.6592532 | R21: =100%-Q21 -> 0.3407468 | S21: =Q21-N21 -> 0.059253203 | T21: =O21-P21 -> 0 | U21: =IF(Q21>=50%,"GO","NO GO") -> GO | V21: 30 Days PDC
P27: =P3-4181 -> 1291 | Q27: =P3-4322 -> 1150

Sheet COGS Target Sheet
A1: Sl. No | B1: Products | C1: cat 1 | D1: cat 2 | E1: Target ASP | F1: TARGET GM% | G1: TARGET COGS | H1: CURRENT COGS | I1: CURRENT GM% | J1: Delta GM% | K1: surplus /loss | L1: COGS | M1: WC | N1: Remarks
A2: 8 | B2: Elara 90 | C2: chimney | D2: ai | E2: 15999 | F2: 0.6 | G2: 6400 | H2: 8815 | I2: =(E2-H2)/E2 -> 0.44902806 | J2: =I2-F2 -> -0.15097194 | K2: =J2*E2 -> -2415.4 | L2: =IF(I2>=50%,"GO","NO GO") -> NO GO | M2: 20% Advance, 80% PDC @ 30 days | N2: H is updated for JFM
A3: 2 | B3: Auriga 4B | C3: stove | D3: stove | E3: 10000 | F3: 0.6 | G3: 4000 | H3: 5472 | I3: =(E3-H3)/E3 -> 0.4528 | J3: =I3-F3 -> -0.1472 | K3: =J3*E3 -> -1472 | L3: =IF(I3>=50%,"GO","NO GO") -> NO GO | M3: 20% Advance, 80% PDC @ 30 days
A4: 15 | B4: Orion | C4: chimney | D4: android | E4: 28500 | F4: 0.6 | G4: 12000 | H4: 15333 | I4: =(E4-H4)/E4 -> 0.462 | J4: =I4-F4 -> -0.138 | K4: =J4*E4 -> -3933 | L4: =IF(I4>=50%,"GO","NO GO") -> NO GO | M4: 20% Advance, 80% PDC @ 30 days
A5: 5 | B5: Elara 60 | C5: chimney | D5: ai | E5: 14999 | F5: 0.6 | G5: 6000 | H5: 7827 | I5: =(E5-H5)/E5 -> 0.47816521 | J5: =I5-F5 -> -0.12183479 | K5: =J5*E5 -> -1827.4 | L5: =IF(I5>=50%,"GO","NO GO") -> NO GO | M5: 20% Advance, 80% PDC @ 30 days | N5: H is updated for JFM
A6: 1 | B6: Auriga 3B | C6: stove | D6: stove | E6: 9000 | F6: 0.6 | G6: 3600 | H6: 4692 | I6: =(E6-H6)/E6 -> 0.47866667 | J6: =I6-F6 -> -0.12133333 | K6: =J6*E6 -> -1092 | L6: =IF(I6>=50%,"GO","NO GO") -> NO GO | M6: 20% Advance, 80% PDC @ 30 days
A7: 18 | B7: Solario 4B | C7: stove | D7: hobtop | E7: 14500 | F7: 0.6 | G7: 5800 | H7: 7487 | I7: =(E7-H7)/E7 -> 0.48365517 | J7: =I7-F7 -> -0.11634483 | K7: =J7*E7 -> -1687 | L7: =IF(I7>=50%,"GO","NO GO") -> NO GO | M7: 20% Advance, 80% PDC @ 30 days | N7: H is updated for December
A8: 9 | B8: Dorado 4B | C8: stove | D8: hobtop | E8: 17500 | F8: 0.6 | G8: 7000 | H8: 8936 | I8: =(E8-H8)/E8 -> 0.48937143 | J8: =I8-F8 -> -0.11062857 | K8: =J8*E8 -> -1936 | L8: =IF(I8>=50%,"GO","NO GO") -> NO GO | M8: 30 Days PDC | N8: H is updated for JFM
A9: 4 | B9: Arista 60 | C9: chimney | D9: ai | E9: 14500 | F9: 0.6 | G9: 5800 | H9: 7197 | I9: =(E9-H9)/E9 -> 0.50365517 | J9: =I9-F9 -> -0.096344828 | K9: =J9*E9 -> -1397 | L9: =IF(I9>=50%,"GO","NO GO") -> GO | M9: 20% Advance, 80% PDC @ 30 days | N9: H is updated for December & Jan
A10: 7 | B10: Dorado 3B | C10: stove | D10: hobtop | E10: 15500 | F10: 0.6 | G10: 6200 | H10: 7509 | I10: =(E10-H10)/E10 -> 0.51554839 | J10: =I10-F10 -> -0.084451613 | K10: =J10*E10 -> -1309 | L10: =IF(I10>=50%,"GO","NO GO") -> GO | M10: 30 Days PDC | N10: H is updated for JFM
A11: 6 | B11: Arista 90 | C11: chimney | D11: ai | E11: 15500 | F11: 0.6 | G11: 6200 | H11: 7471 | I11: =(E11-H11)/E11 -> 0.518 | J11: =I11-F11 -> -0.082 | K11: =J11*E11 -> -1271 | L11: =IF(I11>=50%,"GO","NO GO") -> GO | M11: 20% Advance, 80% PDC @ 30 days | N11: H is updated for December & Jan
A12: 13 | B12: Eris 90 | C12: chimney | D12: android | E12: 20000 | F12: 0.6 | G12: 8000 | H12: 9575 | I12: =(E12-H12)/E12 -> 0.52125 | J12: =I12-F12 -> -0.07875 | K12: =J12*E12 -> -1575 | L12: =IF(I12>=50%,"GO","NO GO") -> GO | M12: 20% Advance, 80% PDC @ 30 days | N12: H is updated for JFM
A13: 17 | B13: Solario 3B | C13: stove | D13: hobtop | E13: 13500 | F13: 0.6 | G13: 5400 | H13: 6402 | I13: =(E13-H13)/E13 -> 0.52577778 | J13: =I13-F13 -> -0.074222222 | K13: =J13*E13 -> -1002 | L13: =IF(I13>=50%,"GO","NO GO") -> GO | M13: 20% Advance, 80% PDC @ 30 days | N13: H is updated for December
A14: 19 | B14: Asteria 60 | C14: chimney | D14: BLDC android | E14: 20950 | F14: 0.6 | G14: =E14*(100%-F14) -> 8380 | H14: =9964-35 -> 9929 | I14: =(E14-H14)/E14 -> 0.52606205 | J14: =I14-F14 -> -0.073937947 | K14: =J14*E14 -> -1549 | L14: =IF(I14>=50%,"GO","NO GO") -> GO | M14: 20% Advance, 80% PDC @ 30 days | N14: H is updated for December Sample
A15: 10 | B15: Asteria 60 | C15: chimney | D15: android | E15: 17950 | F15: 0.6 | G15: 7000 | H15: =8518-35 -> 8483 | I15: =(E15-H15)/E15 -> 0.52740947 | J15: =I15-F15 -> -0.072590529 | K15: =J15*E15 -> -1303 | L15: =IF(I15>=50%,"GO","NO GO") -> GO | M15: 20% Advance, 80% PDC @ 30 days | N15: H is updated for JFM
A16: 20 | B16: Asteria 90 | C16: chimney | D16: BLDC android | E16: 22500 | F16: 0.6 | G16: =E16*(100%-F16) -> 9000 | H16: =10239-35 -> 10204 | I16: =(E16-H16)/E16 -> 0.54648889 | J16: =I16-F16 -> -0.053511111 | K16: =J16*E16 -> -1204 | L16: =IF(I16>=50%,"GO","NO GO") -> GO | M16: 20% Advance, 80% PDC @ 30 days | N16: H is updated for December Sample
A17: 11 | B17: Eris 60 | C17: chimney | D17: android | E17: 19000 | F17: 0.6 | G17: 7500 | H17: 8589 | I17: =(E17-H17)/E17 -> 0.54794737 | J17: =I17-F17 -> -0.052052632 | K17: =J17*E17 -> -989 | L17: =IF(I17>=50%,"GO","NO GO") -> GO | M17: 20% Advance, 80% PDC @ 30 days | N17: H is updated for JFM
A18: 12 | B18: Asteria 90 | C18: chimney | D18: android | E18: 19500 | F18: 0.6 | G18: 7800 | H18: =8793-35 -> 8758 | I18: =(E18-H18)/E18 -> 0.55087179 | J18: =I18-F18 -> -0.049128205 | K18: =J18*E18 -> -958 | L18: =IF(I18>=50%,"GO","NO GO") -> GO | M18: 20% Advance, 80% PDC @ 30 days | N18: H is updated for JFM
A19: 14 | B19: Altair | C19: stove | D19: hob | E19: 25500 | F19: 0.58 | G19: 10700 | H19: 11200 | I19: =(E19-H19)/E19 -> 0.56078431 | J19: =I19-F19 -> -0.019215686 | K19: =J19*E19 -> -490 | L19: =IF(I19>=50%,"GO","NO GO") -> GO | M19: 30 Days PDC | N19: H is updated for Nov & Dec
A20: 3 | B20: Cube | C20: chimney | D20: cube | E20: 13500 | F20: 0.6 | G20: 4300 | H20: =4867+100 -> 4967 | I20: =(E20-H20)/E20 -> 0.63207407 | J20: =I20-F20 -> 0.032074074 | K20: =J20*E20 -> 433 | L20: =IF(I20>=50%,"GO","NO GO") -> GO | M20: 20% Advance, 80% PDC @ 30 days
A21: 16 | B21: Zyra | C21: stove | D21: hob | E21: 40000 | F21: 0.58 | G21: 10500 | H21: 10500 | I21: =(E21-H21)/E21 -> 0.7375 | J21: =I21-F21 -> 0.1575 | K21: =J21*E21 -> 6300 | L21: =IF(I21>=50%,"GO","NO GO") -> GO | M21: 30 Days PDC
